gene,WT1,WT2,WT3,KO,KO_above_allWT
Ceacam10,0.07720091708513424,0.15864958740398427,0.05281135854024758,4.5300152622008385,True
H2-Aa,1.0808128391918794,2.3004190173577723,2.376511134311141,2.4888746644068562,True
H2-Ab1,8.337699045194498,12.850616579722725,7.18234476147367,38.491961079689105,True
H2-Eb1,0.7720091708513424,1.745145461443827,2.6405679270123787,3.5160292878128607,True
Ifi47,1.930022927128356,0.9518975244239056,0.47530222686222817,0.2238670333064368,False
Irgm2,0.6176073366810739,0.6345983496159371,1.3202839635061894,0.2633729803605139,False
Rtp4,0.8492100879364766,2.5383933984637483,1.7163691525580462,0.9086367822437729,False
Wdfy1,2.702032097979698,3.410966129185662,7.604835629795651,11.483061943718406,True
Zbp1,0.3860045854256712,1.0312223181258977,0.8977930951842088,1.1325038155502096,True
