Program,Library,Gene_set,Term,Overlap,P-value,Adjusted P-value,Odds Ratio,Combined Score,Genes
P1,Reactome_Pathways_2024,gs_ind_0,ADORA2B Mediated Anti-Inflammatory Cytokines Production,1/42,0.14309810434998382,0.2389532938667194,9.854029182054852,19.15844830527978,ADCY2
P1,Reactome_Pathways_2024,gs_ind_0,ADP Signalling Through P2Y Purinoceptor 1,1/25,0.08779905814197392,0.20427914194365931,16.70197928417598,40.630980258906256,GNAQ
P1,Reactome_Pathways_2024,gs_ind_0,Acetylcholine Regulates Insulin Secretion,2/10,0.0005878432500802306,0.01782754656202586,81.09734249029562,603.2872040697225,GNAQ;CHRM3
P1,Reactome_Pathways_2024,gs_ind_0,Activation of Anterior HOX Genes in Hindbrain Development During Early Embryogenesis,3/60,0.0014073918175824766,0.03032935715529965,16.925172798216277,111.13097337550288,MEIS1;PBX1;PAX6
P1,Reactome_Pathways_2024,gs_ind_0,Activation of G Protein Gated Potassium Channels,1/29,0.10112025539501886,0.2063799364494829,14.355725998413119,32.89535401837941,KCNJ16
P1,Reactome_Pathways_2024,gs_ind_0,Activation of GABAB Receptors,2/43,0.010903872514168692,0.08897397970498197,16.590116812427375,74.96472024703068,KCNJ16;ADCY2
P1,Reactome_Pathways_2024,gs_ind_0,Activation of HOX Genes During Differentiation,3/60,0.0014073918175824766,0.03032935715529965,16.925172798216277,111.13097337550288,MEIS1;PBX1;PAX6
P1,Reactome_Pathways_2024,gs_ind_0,Activation of NMDA Receptors and Postsynaptic Events,1/86,0.2712858857554616,0.34428645137693126,4.775191748214758,6.229629607934631,NBEA
P1,Reactome_Pathways_2024,gs_ind_0,Adaptive Immune System,1/663,0.9150842113736062,0.9203584719578921,0.6031402294491325,0.053522171589850516,ITPR1
P1,Reactome_Pathways_2024,gs_ind_0,Adenylate Cyclase Activating Pathway,1/10,0.036080852581350895,0.16143868654989055,43.0973287490082,143.16902243022955,ADCY2
P1,Reactome_Pathways_2024,gs_ind_0,Adenylate Cyclase Inhibitory Pathway,1/14,0.05014960504049533,0.18907660495051973,30.32328308207705,90.74984291620152,ADCY2
P1,Reactome_Pathways_2024,gs_ind_0,Amine Ligand-Binding Receptors,1/32,0.11098459693722368,0.21374812377466276,12.987078248384782,28.550323385514286,CHRM3
P1,Reactome_Pathways_2024,gs_ind_0,Amino Acid Conjugation,1/5,0.018204501114733745,0.12457589978513875,91.0,364.55386253468845,ACSM1
P1,Reactome_Pathways_2024,gs_ind_0,Amino Acid Transport Across the Plasma Membrane,1/32,0.11098459693722368,0.21374812377466276,12.987078248384782,28.550323385514286,SLC6A6
P1,Reactome_Pathways_2024,gs_ind_0,Amyloid Fiber Formation,1/46,0.15561952100888302,0.2537907141686924,8.986415594455796,16.717799339197803,SORL1
P1,Reactome_Pathways_2024,gs_ind_0,Anchoring Fibril Formation,1/15,0.05363491085988955,0.18907660495051973,28.2309824987004,82.591294852792,COL4A6
P1,Reactome_Pathways_2024,gs_ind_0,Anti-inflammatory Response Favouring Leishmania Parasite Infection,2/75,0.031069815444296947,0.1578563703650663,9.356158707137677,32.4800779995198,ITPR1;ADCY2
P1,Reactome_Pathways_2024,gs_ind_0,Antigen Activates B Cell Receptor (BCR) Leading to Generation of Second Messengers,1/34,0.11750120825052357,0.21697313057900913,12.21083027075677,26.147132213032688,ITPR1
P1,Reactome_Pathways_2024,gs_ind_0,Aquaporin-mediated Transport,1/47,0.15872146612108,0.25495075647453286,8.792835143459232,16.18413103887907,ADCY2
P1,Reactome_Pathways_2024,gs_ind_0,Asparagine N-linked Glycosylation,2/290,0.2877644091709715,0.35867778143096096,2.3647168533197265,2.9455224258362898,ST6GALNAC2;MGAT3
P1,Reactome_Pathways_2024,gs_ind_0,Assembly and Cell Surface Presentation of NMDA Receptors,1/37,0.12718755619754754,0.22606129015657972,11.205961313416397,23.107728348226125,NBEA
P1,Reactome_Pathways_2024,gs_ind_0,Assembly of Collagen Fibrils and Other Multimeric Structures,1/60,0.19803474382044972,0.2855955603030453,6.868417718846333,11.122116658096216,COL4A6
P1,Reactome_Pathways_2024,gs_ind_0,Asymmetric Localization of PCP Proteins,1/51,0.1710168333182885,0.26764517860126763,8.09517886462013,14.296031530903484,PRICKLE1
P1,Reactome_Pathways_2024,gs_ind_0,Attenuation Phase,1/25,0.08779905814197392,0.20427914194365931,16.70197928417598,40.630980258906256,COL4A6
P1,Reactome_Pathways_2024,gs_ind_0,Axon Guidance,1/518,0.8536176459022253,0.8660248791275483,0.7763600611754424,0.12287598730514598,EGFR
P1,Reactome_Pathways_2024,gs_ind_0,Bacterial Infection Pathways,1/73,0.23552841416211917,0.3198420877143175,5.634136198232542,8.146531160523915,ANTXR1
P1,Reactome_Pathways_2024,gs_ind_0,Beta-catenin Independent WNT Signaling,4/133,0.0014773612367911004,0.03032935715529965,9.736391461780062,63.456909257008164,TCF7L1;ITPR1;WNT5B;PRICKLE1
P1,Reactome_Pathways_2024,gs_ind_0,Bile Acid and Bile Salt Metabolism,2/37,0.00815744149226313,0.07299864309743159,19.398369914921,93.2833604212486,OSBPL6;CYP7B1
P1,Reactome_Pathways_2024,gs_ind_0,Binding of TCF LEF CTNNB1 to Target Gene Promoters,1/8,0.02896931280161029,0.1578563703650663,54.59396984924623,193.34553720447744,TCF7L1
P1,Reactome_Pathways_2024,gs_ind_0,Biological Oxidations,4/156,0.002640619831508753,0.03881313049056868,8.260919052068292,49.04294182963059,ACSM1;POR;FMO2;CYP7B1
P1,Reactome_Pathways_2024,gs_ind_0,Biosynthesis of the N-glycan Precursor (Dolichol LLO) and Transfer to a Nascent Protein,1/77,0.24671186426811992,0.3273857058158701,5.3387525864617205,7.471766641728897,ST6GALNAC2
P1,Reactome_Pathways_2024,gs_ind_0,Blood Group Systems Biosynthesis,1/18,0.06401504258973123,0.19947544521264463,23.388801148600145,64.28732849758696,FUT9
P1,Reactome_Pathways_2024,gs_ind_0,C-type Lectin Receptors (CLRs),1/116,0.3476066941244921,0.3990616323994991,3.5309665209162695,3.7311145124347598,ITPR1
P1,Reactome_Pathways_2024,gs_ind_0,CLEC7A (Dectin-1) Induces NFAT Activation,1/11,0.03961726211805212,0.16861493267317304,38.99138549892319,125.88331156809635,ITPR1
P1,Reactome_Pathways_2024,gs_ind_0,CLEC7A (Dectin-1) Signaling,1/84,0.265894511441762,0.34428645137693126,4.889928685342882,6.4774715260949085,ITPR1
P1,Reactome_Pathways_2024,gs_ind_0,Ca-dependent Events,3/36,0.0003129639064116498,0.013653050417208224,29.076387294297742,234.62965934827412,NBEA;ADCY2;PDE1A
P1,Reactome_Pathways_2024,gs_ind_0,Ca2+ Pathway,2/62,0.021830455727526316,0.1360505187304765,11.372026681209883,43.491738712177906,TCF7L1;ITPR1
P1,Reactome_Pathways_2024,gs_ind_0,CaM Pathway,3/34,0.0002636922530499292,0.013146942330632183,30.924786324786325,254.8427477032776,NBEA;ADCY2;PDE1A
P1,Reactome_Pathways_2024,gs_ind_0,Calmodulin Induced Events,3/34,0.0002636922530499292,0.013146942330632183,30.924786324786325,254.8427477032776,NBEA;ADCY2;PDE1A
P1,Reactome_Pathways_2024,gs_ind_0,Cardiac Conduction,2/125,0.07721704180761103,0.20427914194365931,5.557964610863356,14.234698235598353,ASPH;ITPR1
P1,Reactome_Pathways_2024,gs_ind_0,Cargo Recognition for Clathrin-Mediated Endocytosis,1/100,0.3079435140862534,0.3693205718766407,4.101184313527436,4.830534456023747,EGFR
P1,Reactome_Pathways_2024,gs_ind_0,Cellular Response to Heat Stress,1/95,0.2950660020928981,0.3613264376506016,4.318975831538646,5.271552779622928,COL4A6
P1,Reactome_Pathways_2024,gs_ind_0,Cellular Responses to Mechanical Stimuli,3/92,0.004746104721816795,0.05521301826380205,10.860879530153273,58.110387132872994,GNAQ;ADCY2;PDE4D
P1,Reactome_Pathways_2024,gs_ind_0,Cellular Responses to Stimuli,4/780,0.32102967589500575,0.37586069886677254,1.5849217126137278,1.8008224614607862,COL4A6;GNAQ;ADCY2;PDE4D
P1,Reactome_Pathways_2024,gs_ind_0,Cellular Responses to Stress,1/690,0.9232977905417293,0.9259509451122515,0.5789316415288918,0.046200749954641566,COL4A6
P1,Reactome_Pathways_2024,gs_ind_0,Chaperonin-mediated Protein Folding,1/85,0.2685951165573057,0.34428645137693126,4.83188129999108,6.351750414065389,GNAQ
P1,Reactome_Pathways_2024,gs_ind_0,Chondroitin Sulfate Biosynthesis,1/20,0.07087242893827944,0.20427914194365931,20.98840355624275,55.55365534242182,CHST9
P1,Reactome_Pathways_2024,gs_ind_0,Chondroitin Sulfate Dermatan Sulfate Metabolism,1/50,0.16795977255684102,0.264044867668187,8.259022384650525,14.734350124773231,CHST9
P1,Reactome_Pathways_2024,gs_ind_0,Class A 1 (Rhodopsin-like Receptors),1/281,0.6457638990520655,0.6788301227987075,1.4450595222099805,0.6319553425690217,CHRM3
P1,Reactome_Pathways_2024,gs_ind_0,Clathrin-mediated Endocytosis,1/140,0.40291929329385134,0.44926144843308025,2.9208947965634624,2.6551488725412877,EGFR
P1,Reactome_Pathways_2024,gs_ind_0,Collagen Biosynthesis and Modifying Enzymes,1/66,0.21556048026879066,0.30334922424922556,6.237868732977867,9.572095390817173,COL4A6
P1,Reactome_Pathways_2024,gs_ind_0,Collagen Chain Trimerization,1/43,0.1462455860603604,0.24189435798609374,9.621814957138634,18.49763110790661,COL4A6
P1,Reactome_Pathways_2024,gs_ind_0,Collagen Degradation,1/62,0.20391930381764029,0.2928717573348002,6.644564284838828,10.565062748652936,COL4A6
P1,Reactome_Pathways_2024,gs_ind_0,Collagen Formation,1/88,0.2766380581250635,0.3498068198755332,4.665699928212491,5.995635654658517,COL4A6
P1,Reactome_Pathways_2024,gs_ind_0,Conjugation of Benzoate With Glycine,1/3,0.01096241010691755,0.08897397970498197,163.81206030150753,739.3302068357349,ACSM1
P1,Reactome_Pathways_2024,gs_ind_0,Conjugation of Carboxylic Acids,1/5,0.018204501114733745,0.12457589978513875,91.0,364.55386253468845,ACSM1
P1,Reactome_Pathways_2024,gs_ind_0,Constitutive Signaling by Aberrant PI3K in Cancer,1/78,0.24948232449515884,0.32856351414645446,5.26967093532177,7.316238334127009,EGFR
P1,Reactome_Pathways_2024,gs_ind_0,Constitutive Signaling by EGFRvIII,1/15,0.05363491085988955,0.18907660495051973,28.2309824987004,82.591294852792,EGFR
P1,Reactome_Pathways_2024,gs_ind_0,Constitutive Signaling by Ligand-Responsive EGFR Cancer Variants,1/19,0.06744997582548398,0.20119693643670009,22.123726741817194,59.65373216204687,EGFR
P1,Reactome_Pathways_2024,gs_ind_0,Constitutive Signaling by NOTCH1 HD+PEST Domain Mutants,1/56,0.18613613194826314,0.2752606358048468,7.36452532934945,12.381806910580362,MAML2
P1,Reactome_Pathways_2024,gs_ind_0,Constitutive Signaling by NOTCH1 PEST Domain Mutants,1/56,0.18613613194826314,0.2752606358048468,7.36452532934945,12.381806910580362,MAML2
P1,Reactome_Pathways_2024,gs_ind_0,Cooperation of PDCL (PhLP1) and TRiC CCT in G-protein Beta Folding,1/38,0.13039289018139794,0.22983393269347416,10.906733668341708,22.219232230345032,GNAQ
P1,Reactome_Pathways_2024,gs_ind_0,Crosslinking of Collagen Fibrils,1/18,0.06401504258973123,0.19947544521264463,23.388801148600145,64.28732849758696,COL4A6
P1,Reactome_Pathways_2024,gs_ind_0,Cytochrome P450 - Arranged by Substrate Type,2/37,0.00815744149226313,0.07299864309743159,19.398369914921,93.2833604212486,POR;CYP7B1
P1,Reactome_Pathways_2024,gs_ind_0,Cytokine Signaling in Immune System,3/671,0.44779668187894794,0.4930001324156241,1.4229829507316418,1.1432472485350955,EDAR;MID1;PTPRZ1
P1,Reactome_Pathways_2024,gs_ind_0,DAG and IP3 Signaling,4/40,1.4061804714330927e-05,0.0012268924613253733,34.662999503158495,387.256705426375,NBEA;ITPR1;ADCY2;PDE1A
P1,Reactome_Pathways_2024,gs_ind_0,DARPP-32 Events,1/23,0.08106535561630931,0.20427914194365931,18.187939698492464,45.697191038775365,PDE4D
P1,Reactome_Pathways_2024,gs_ind_0,DNA Double Strand Break Response,1/40,0.1367686379517141,0.23513425933570553,10.353730678710006,20.598380195399425,EYA2
P1,Reactome_Pathways_2024,gs_ind_0,DNA Double-Strand Break Repair,2/129,0.08150060640258897,0.20427914194365931,5.382800836070468,13.495461223774365,EYA2;RAD51B
P1,Reactome_Pathways_2024,gs_ind_0,DNA Repair,2/274,0.26603756397069767,0.34428645137693126,2.5050528570763286,3.3169849833943013,EYA2;RAD51B
P1,Reactome_Pathways_2024,gs_ind_0,Deactivation of the Beta-Catenin Transactivating Complex,1/41,0.1399391354800803,0.23708135088615545,10.097710776102735,19.85762987649694,TCF7L1
P1,Reactome_Pathways_2024,gs_ind_0,Defective HDR Through Homologous Recomb Repair Due to PALB2 Loss of BRCA2 RAD51 RAD51C Binding Fnc,1/24,0.08443833551787916,0.20427914194365931,17.41334331230621,43.0411486823959,RAD51B
P1,Reactome_Pathways_2024,gs_ind_0,Defective HDR Through Homologous Recombination Repair Due to PALB2 Loss of BRCA1 Binding Function,1/24,0.08443833551787916,0.20427914194365931,17.41334331230621,43.0411486823959,RAD51B
P1,Reactome_Pathways_2024,gs_ind_0,Defective Homologous Recombination Repair (HRR) Due to BRCA1 Loss of Function,1/24,0.08443833551787916,0.20427914194365931,17.41334331230621,43.0411486823959,RAD51B
P1,Reactome_Pathways_2024,gs_ind_0,Defective Homologous Recombination Repair (HRR) Due to BRCA2 Loss of Function,1/40,0.1367686379517141,0.23513425933570553,10.353730678710006,20.598380195399425,RAD51B
P1,Reactome_Pathways_2024,gs_ind_0,Defective Homologous Recombination Repair (HRR) Due to PALB2 Loss of Function,1/24,0.08443833551787916,0.20427914194365931,17.41334331230621,43.0411486823959,RAD51B
P1,Reactome_Pathways_2024,gs_ind_0,Degradation of Beta-Catenin by the Destruction Complex,1/71,0.2298752076552973,0.31835891853848713,5.794397519512456,8.519031546226,TCF7L1
P1,Reactome_Pathways_2024,gs_ind_0,Degradation of Cysteine and Homocysteine,1/14,0.05014960504049533,0.18907660495051973,30.32328308207705,90.74984291620152,CDO1
P1,Reactome_Pathways_2024,gs_ind_0,Degradation of the Extracellular Matrix,1/130,0.3804604463144057,0.42832482504428254,3.1476106400729518,3.041766122634939,COL4A6
P1,Reactome_Pathways_2024,gs_ind_0,Developmental Biology,7/1190,0.1470738204155154,0.2421168081368626,1.7611475976494988,3.375804062717954,MEIS1;PAX6;TCF7L1;EGFR;MBP;PBX1;MAML2
P1,Reactome_Pathways_2024,gs_ind_0,Diseases of DNA Double-Strand Break Repair,1/40,0.1367686379517141,0.23513425933570553,10.353730678710006,20.598380195399425,RAD51B
P1,Reactome_Pathways_2024,gs_ind_0,Diseases of DNA Repair,1/50,0.16795977255684102,0.264044867668187,8.259022384650525,14.734350124773231,RAD51B
P1,Reactome_Pathways_2024,gs_ind_0,Diseases of Metabolism,1/244,0.5936439949896426,0.6357560134611513,1.666928069505639,0.8692621057141079,CYP7B1
P1,Reactome_Pathways_2024,gs_ind_0,Diseases of Signal Transduction by Growth Factor Receptors and Second Messengers,2/435,0.47545721149498,0.5169301146783427,1.5652609207313861,1.163737665184388,EGFR;MAML2
P1,Reactome_Pathways_2024,gs_ind_0,Disorders of Transmembrane Transporters,1/158,0.4413326282741778,0.4905257556295798,2.5853553481694185,2.114708027562443,CP
P1,Reactome_Pathways_2024,gs_ind_0,Downregulation of ERBB2 Signaling,1/29,0.10112025539501886,0.2063799364494829,14.355725998413119,32.89535401837941,EGFR
P1,Reactome_Pathways_2024,gs_ind_0,ECM Proteoglycans,1/74,0.23833959157565857,0.32116029907299165,5.557276176802379,7.969460621659022,COL4A6
P1,Reactome_Pathways_2024,gs_ind_0,EGFR Downregulation,1/31,0.10770844937287086,0.21374812377466276,13.413378367246066,29.88939646374393,EGFR
P1,Reactome_Pathways_2024,gs_ind_0,EGFR Interacts With Phospholipase C-gamma,1/9,0.032531551648223855,0.1578563703650663,48.16937629323086,165.00635843822025,EGFR
P1,Reactome_Pathways_2024,gs_ind_0,EGFR Transactivation by Gastrin,1/9,0.032531551648223855,0.1578563703650663,48.16937629323086,165.00635843822025,EGFR
P1,Reactome_Pathways_2024,gs_ind_0,EGR2 and SOX10-mediated Initiation of Schwann Cell Myelination,1/27,0.09448390777737954,0.2060930238394091,15.440314781454441,36.428732206490906,MBP
P1,Reactome_Pathways_2024,gs_ind_0,ERBB2 Activates PTK6 Signaling,1/13,0.04665159224326654,0.1871425941712646,32.75035175879397,100.38140738175221,EGFR
P1,Reactome_Pathways_2024,gs_ind_0,ERBB2 Regulates Cell Motility,1/15,0.05363491085988955,0.18907660495051973,28.2309824987004,82.591294852792,EGFR
P1,Reactome_Pathways_2024,gs_ind_0,ESR-mediated Signaling,1/162,0.4495308548785952,0.49335304513405576,2.5209483952269087,2.0156262677425185,EGFR
P1,Reactome_Pathways_2024,gs_ind_0,Effects of PIP2 Hydrolysis,1/27,0.09448390777737954,0.2060930238394091,15.440314781454441,36.428732206490906,ITPR1
P1,Reactome_Pathways_2024,gs_ind_0,Elastic Fibre Formation,1/43,0.1462455860603604,0.24189435798609374,9.621814957138634,18.49763110790661,EFEMP1
P1,Reactome_Pathways_2024,gs_ind_0,Elevation of Cytosolic Ca2+ Levels,1/15,0.05363491085988955,0.18907660495051973,28.2309824987004,82.591294852792,ITPR1
P1,Reactome_Pathways_2024,gs_ind_0,Endogenous Sterols,1/21,0.07428244681570347,0.20427914194365931,19.96384360828533,51.90360975057245,CYP7B1
P1,Reactome_Pathways_2024,gs_ind_0,Estrogen-dependent Nuclear Events Downstream of ESR-membrane Signaling,1/24,0.08443833551787916,0.20427914194365931,17.41334331230621,43.0411486823959,EGFR
P1,Reactome_Pathways_2024,gs_ind_0,Extra-nuclear Estrogen Signaling,1/75,0.24114053449635292,0.323684794381643,5.482479511652221,7.7981439048024175,EGFR
P1,Reactome_Pathways_2024,gs_ind_0,Extracellular Matrix Organization,2/284,0.2796206654252681,0.3523018492181176,2.4154799874219486,3.078097744259158,COL4A6;EFEMP1
P1,Reactome_Pathways_2024,gs_ind_0,FCERI Mediated Ca+2 Mobilization,1/33,0.11424883561195394,0.21374812377466276,12.587011982991882,27.305967256473732,ITPR1
P1,Reactome_Pathways_2024,gs_ind_0,FCGR3A-mediated IL10 Synthesis,2/37,0.00815744149226313,0.07299864309743159,19.398369914921,93.2833604212486,ITPR1;ADCY2
P1,Reactome_Pathways_2024,gs_ind_0,Factors Involved in Megakaryocyte Development and Platelet Production,1/123,0.36424363519984826,0.4127306126128151,3.3283355553276586,3.3613936084350438,RAD51B
P1,Reactome_Pathways_2024,gs_ind_0,Fatty Acids Bound to GPR40 (FFAR1) Regulate Insulin Secretion,1/8,0.02896931280161029,0.1578563703650663,54.59396984924623,193.34553720447744,GNAQ
P1,Reactome_Pathways_2024,gs_ind_0,Fc Epsilon Receptor (FCERI) Signaling,1/118,0.35240359928096315,0.4019243665001834,3.4706083609537046,3.6197687617748397,ITPR1
P1,Reactome_Pathways_2024,gs_ind_0,Fcgamma Receptor (FCGR) Dependent Phagocytosis,1/86,0.2712858857554616,0.34428645137693126,4.775191748214758,6.229629607934631,ITPR1
P1,Reactome_Pathways_2024,gs_ind_0,Formation of Paraxial Mesoderm,1/56,0.18613613194826314,0.2752606358048468,7.36452532934945,12.381806910580362,MAML2
P1,Reactome_Pathways_2024,gs_ind_0,Formation of the Anterior Neural Plate,1/9,0.032531551648223855,0.1578563703650663,48.16937629323086,165.00635843822025,PAX6
P1,Reactome_Pathways_2024,gs_ind_0,Formation of the Beta-Catenin TCF Transactivating Complex,1/33,0.11424883561195394,0.21374812377466276,12.587011982991882,27.305967256473732,TCF7L1
P1,Reactome_Pathways_2024,gs_ind_0,Free Fatty Acids Regulate Insulin Secretion,1/11,0.03961726211805212,0.16861493267317304,38.99138549892319,125.88331156809635,GNAQ
P1,Reactome_Pathways_2024,gs_ind_0,G Alpha (I) Signalling Events,6/262,0.0004166764319813519,0.015656451168483087,7.216590859865714,56.168174165086214,ITPR1;GNAQ;PDE4D;NBEA;ADCY2;PDE1A
P1,Reactome_Pathways_2024,gs_ind_0,G Alpha (Q) Signalling Events,4/203,0.006706392518975017,0.06883914673889062,6.303751606996767,31.548348476326268,GNAQ;ITPR1;EGFR;CHRM3
P1,Reactome_Pathways_2024,gs_ind_0,G Alpha (S) Signalling Events,4/139,0.0017367570500576985,0.032091373142567214,9.303194845419958,59.128647315251925,PDE7A;ADCY2;PDE1A;PDE4D
P1,Reactome_Pathways_2024,gs_ind_0,G Alpha (Z) Signalling Events,1/47,0.15872146612108,0.25495075647453286,8.792835143459232,16.18413103887907,ADCY2
P1,Reactome_Pathways_2024,gs_ind_0,G Protein Gated Potassium Channels,1/29,0.10112025539501886,0.2063799364494829,14.355725998413119,32.89535401837941,KCNJ16
P1,Reactome_Pathways_2024,gs_ind_0,G-protein Activation,1/24,0.08443833551787916,0.20427914194365931,17.41334331230621,43.0411486823959,GNAQ
P1,Reactome_Pathways_2024,gs_ind_0,G-protein Mediated Events,5/53,1.4967959379084312e-06,0.00017412726077668082,32.2032169266476,431.915463593465,ITPR1;GNAQ;PDE1A;NBEA;ADCY2
P1,Reactome_Pathways_2024,gs_ind_0,GAB1 Signalosome,1/17,0.060567584183063565,0.19755221383074004,24.80721790772042,69.5593259790493,EGFR
P1,Reactome_Pathways_2024,gs_ind_0,GABA B Receptor Activation,2/43,0.010903872514168692,0.08897397970498197,16.590116812427375,74.96472024703068,KCNJ16;ADCY2
P1,Reactome_Pathways_2024,gs_ind_0,GABA Receptor Activation,2/60,0.02053026038097425,0.1360505187304765,11.761681634778082,45.70419368287942,KCNJ16;ADCY2
P1,Reactome_Pathways_2024,gs_ind_0,GPCR Downstream Signalling,9/549,0.00019099019731670091,0.013146942330632183,5.1149006940547865,43.80037005769668,ITPR1;CHRM3;PDE7A;GNAQ;EGFR;PDE4D;NBEA;ADCY2;PDE1A
P1,Reactome_Pathways_2024,gs_ind_0,GPCR Ligand Binding,1/384,0.7585048301646103,0.7762996648898798,1.052898128189841,0.2910274781193486,CHRM3
P1,Reactome_Pathways_2024,gs_ind_0,GPER1 Signaling,1/44,0.14938162196228383,0.24476143692411764,9.400277248310518,17.872286764451427,ADCY2
P1,Reactome_Pathways_2024,gs_ind_0,GRB2 Events in EGFR Signaling,1/13,0.04665159224326654,0.1871425941712646,32.75035175879397,100.38140738175221,EGFR
P1,Reactome_Pathways_2024,gs_ind_0,GRB2 Events in ERBB2 Signaling,1/16,0.0571075553965845,0.19163977724430759,26.40865618414654,75.60319879037347,EGFR
P1,Reactome_Pathways_2024,gs_ind_0,"Gamma Carboxylation, Hypusinylation, Hydroxylation, and Arylsulfatase Activation",1/54,0.18012145406991348,0.27331472813217306,7.640398252946978,13.096589333388202,ASPH
P1,Reactome_Pathways_2024,gs_ind_0,Gastrin-CREB Signalling Pathway via PKC and MAPK,1/18,0.06401504258973123,0.19947544521264463,23.388801148600145,64.28732849758696,EGFR
P1,Reactome_Pathways_2024,gs_ind_0,Gastrulation,3/111,0.007974370967000422,0.07299864309743159,8.952688172043011,43.25511441958205,PAX6;MAML2;TCF7L1
P1,Reactome_Pathways_2024,gs_ind_0,Gene Expression (Transcription),7/1145,0.12760479702248195,0.22606129015657972,1.8339286846610725,3.7757241296448214,RUNX2;ESRRG;SESN3;TCF7L1;EGFR;ZFHX3;MAML2
P1,Reactome_Pathways_2024,gs_ind_0,Generic Transcription Pathway,7/827,0.03256635720998503,0.1578563703650663,2.57579016316515,8.820730334973357,RUNX2;ESRRG;SESN3;TCF7L1;EGFR;ZFHX3;MAML2
P1,Reactome_Pathways_2024,gs_ind_0,Glucagon Signaling in Metabolic Regulation,1/32,0.11098459693722368,0.21374812377466276,12.987078248384782,28.550323385514286,ADCY2
P1,Reactome_Pathways_2024,gs_ind_0,Glucagon-like Peptide-1 (GLP1) Regulates Insulin Secretion,1/41,0.1399391354800803,0.23708135088615545,10.097710776102735,19.85762987649694,ITPR1
P1,Reactome_Pathways_2024,gs_ind_0,Glycosaminoglycan Metabolism,1/126,0.3712445230218088,0.4193020664550527,3.248413381649282,3.2188344396298083,CHST9
P1,Reactome_Pathways_2024,gs_ind_0,HCMV Early Events,1/72,0.23270696523856207,0.3190048918215348,5.71314615033208,8.329625840241883,EGFR
P1,Reactome_Pathways_2024,gs_ind_0,HCMV Infection,1/95,0.2950660020928981,0.3613264376506016,4.318975831538646,5.271552779622928,EGFR
P1,Reactome_Pathways_2024,gs_ind_0,HDR Through Homologous Recombination (HRR),1/66,0.21556048026879066,0.30334922424922556,6.237868732977867,9.572095390817173,RAD51B
P1,Reactome_Pathways_2024,gs_ind_0,HDR Through Homologous Recombination (HRR) or Single Strand Annealing (SSA),1/94,0.29246217540983005,0.3613264376506016,4.365329320398786,5.3668228915658895,RAD51B
P1,Reactome_Pathways_2024,gs_ind_0,HSF1 Activation,1/28,0.09780812250653742,0.2063799364494829,14.878300593878484,34.58829438886499,COL4A6
P1,Reactome_Pathways_2024,gs_ind_0,HSF1-dependent Transactivation,1/35,0.12074175755375664,0.21833613153503145,11.856456194013546,25.06574885089274,COL4A6
P1,Reactome_Pathways_2024,gs_ind_0,Hedgehog 'Off' State,1/96,0.29766034184671536,0.36196327283799185,4.273593096371912,5.178749665642031,ADCY2
P1,Reactome_Pathways_2024,gs_ind_0,Hemostasis,4/543,0.1391537701569337,0.23708135088615545,2.301656206331904,4.539270433401512,GNAQ;ITPR1;RAD51B;PDE1A
P1,Reactome_Pathways_2024,gs_ind_0,High Laminar Flow Shear Stress Activates Signaling by PIEZO1 and PECAM1 CDH5 KDR in Endothelial Cell,2/68,0.025928795219488817,0.1578563703650663,10.343689172169,37.779302158526356,GNAQ;ADCY2
P1,Reactome_Pathways_2024,gs_ind_0,Homologous DNA Pairing and Strand Exchange,1/42,0.14309810434998382,0.2389532938667194,9.854029182054852,19.15844830527978,RAD51B
P1,Reactome_Pathways_2024,gs_ind_0,Homology Directed Repair,1/100,0.3079435140862534,0.3693205718766407,4.101184313527436,4.830534456023747,RAD51B
P1,Reactome_Pathways_2024,gs_ind_0,Impaired BRCA2 Binding to PALB2,1/23,0.08106535561630931,0.20427914194365931,18.187939698492464,45.697191038775365,RAD51B
P1,Reactome_Pathways_2024,gs_ind_0,"Incretin Synthesis, Secretion, and Inactivation",1/24,0.08443833551787916,0.20427914194365931,17.41334331230621,43.0411486823959,PAX6
P1,Reactome_Pathways_2024,gs_ind_0,Infectious Disease,5/897,0.23308380347991797,0.3190048918215348,1.6955167407277048,2.4692780444381217,ITPR1;EGFR;ANTXR1;ST6GALNAC2;ADCY2
P1,Reactome_Pathways_2024,gs_ind_0,Inhibition of Signaling by Overexpressed EGFR,1/8,0.02896931280161029,0.1578563703650663,54.59396984924623,193.34553720447744,EGFR
P1,Reactome_Pathways_2024,gs_ind_0,Inhibition of Voltage Gated Ca2+ Channels via Gbeta Gamma Subunits,1/29,0.10112025539501886,0.2063799364494829,14.355725998413119,32.89535401837941,KCNJ16
P1,Reactome_Pathways_2024,gs_ind_0,Innate Immune System,1/876,0.9620488111903174,0.9620488111903174,0.4527348335050467,0.017516351599569536,ITPR1
P1,Reactome_Pathways_2024,gs_ind_0,Inositol Phosphate Metabolism,1/47,0.15872146612108,0.25495075647453286,8.792835143459232,16.18413103887907,PLCE1
P1,Reactome_Pathways_2024,gs_ind_0,Integration of Energy Metabolism,4/105,0.0006129815436799723,0.01782754656202586,12.435156588988999,91.98503852715805,ADCY2;GNAQ;ITPR1;CHRM3
P1,Reactome_Pathways_2024,gs_ind_0,Integrin Cell Surface Interactions,1/84,0.265894511441762,0.34428645137693126,4.889928685342882,6.4774715260949085,COL4A6
P1,Reactome_Pathways_2024,gs_ind_0,Interferon Gamma Signaling,1/70,0.2270331041296496,0.31693821336499084,5.877987057590109,8.715052993038883,MID1
P1,Reactome_Pathways_2024,gs_ind_0,Interferon Signaling,1/212,0.542491981418525,0.586160066610109,1.9214155885812039,1.1751031394459748,MID1
P1,Reactome_Pathways_2024,gs_ind_0,Intracellular Signaling by Second Messengers,5/294,0.004609174521138365,0.05521301826380205,5.3470688766513845,28.765661195235662,ITPR1;EGFR;PDE1A;NBEA;ADCY2
P1,Reactome_Pathways_2024,gs_ind_0,Inwardly Rectifying K+ Channels,1/35,0.12074175755375664,0.21833613153503145,11.856456194013546,25.06574885089274,KCNJ16
P1,Reactome_Pathways_2024,gs_ind_0,Ion Channel Transport,1/175,0.47536125360332127,0.5169301146783427,2.332018257476494,1.7342758743294704,ASPH
P1,Reactome_Pathways_2024,gs_ind_0,Ion Homeostasis,2/53,0.016250039071976873,0.12066518374723252,13.363806613769652,55.05433909717196,ASPH;ITPR1
P1,Reactome_Pathways_2024,gs_ind_0,Iron Uptake and Transport,1/53,0.17709763410262688,0.2698998877808593,7.7862167982771,13.478362460655353,CP
P1,Reactome_Pathways_2024,gs_ind_0,L1CAM Interactions,1/112,0.3379071067322184,0.38920653547704365,3.658178786308223,3.9690663793599787,EGFR
P1,Reactome_Pathways_2024,gs_ind_0,Laminin Interactions,1/30,0.10442034991225575,0.20944081677803023,13.868580189080998,31.333708986565636,COL4A6
P1,Reactome_Pathways_2024,gs_ind_0,Late SARS-CoV-2 Infection Events,1/70,0.2270331041296496,0.31693821336499084,5.877987057590109,8.715052993038883,ST6GALNAC2
P1,Reactome_Pathways_2024,gs_ind_0,Leishmania Infection,2/158,0.1145297969795471,0.21374812377466276,4.380645789072509,9.492510086878614,ITPR1;ADCY2
P1,Reactome_Pathways_2024,gs_ind_0,Leishmania Parasite Growth and Survival,2/75,0.031069815444296947,0.1578563703650663,9.356158707137677,32.4800779995198,ITPR1;ADCY2
P1,Reactome_Pathways_2024,gs_ind_0,Lewis Blood Group Biosynthesis,1/15,0.05363491085988955,0.18907660495051973,28.2309824987004,82.591294852792,FUT9
P1,Reactome_Pathways_2024,gs_ind_0,MAPK Family Signaling Cascades,1/298,0.6674360225811695,0.6995050206631477,1.3616232422617287,0.5505202617880834,EGFR
P1,Reactome_Pathways_2024,gs_ind_0,MAPK1 MAPK3 Signaling,1/261,0.6184717594099471,0.6560688268512813,1.557162009664445,0.7482221818840238,EGFR
P1,Reactome_Pathways_2024,gs_ind_0,MITF-M-dependent Gene Expression,1/90,0.2819513107385542,0.35396045844516333,4.561101597372336,5.774449857647963,TCF7L1
P1,Reactome_Pathways_2024,gs_ind_0,MITF-M-regulated Melanocyte Development,1/122,0.36189289988906953,0.41140267772405625,3.355853340777964,3.41091271777895,TCF7L1
P1,Reactome_Pathways_2024,gs_ind_0,Maturation of Protein 3A 9683673,1/9,0.032531551648223855,0.1578563703650663,48.16937629323086,165.00635843822025,ST6GALNAC2
P1,Reactome_Pathways_2024,gs_ind_0,Maturation of Protein 3A 9694719,1/9,0.032531551648223855,0.1578563703650663,48.16937629323086,165.00635843822025,ST6GALNAC2
P1,Reactome_Pathways_2024,gs_ind_0,Maturation of Spike Protein 9694548,1/37,0.12718755619754754,0.22606129015657972,11.205961313416397,23.107728348226125,ST6GALNAC2
P1,Reactome_Pathways_2024,gs_ind_0,Membrane Trafficking,2/592,0.6420444249258419,0.676959227489785,1.1423468883377677,0.5061713701922936,ST5;EGFR
P1,Reactome_Pathways_2024,gs_ind_0,Metabolic Disorders of Biological Oxidation Enzymes,1/29,0.10112025539501886,0.2063799364494829,14.355725998413119,32.89535401837941,CYP7B1
P1,Reactome_Pathways_2024,gs_ind_0,Metabolism of Amino Acids and Derivatives,1/335,0.7101711085147233,0.7376479668798763,1.2093426775131262,0.41389673330224713,CDO1
P1,Reactome_Pathways_2024,gs_ind_0,Metabolism of Carbohydrates,2/272,0.26332067941012616,0.34428645137693126,2.5237621625679085,3.3676645086217984,CHST9;FUT9
P1,Reactome_Pathways_2024,gs_ind_0,Metabolism of Lipids,2/694,0.7263848990332098,0.7500246442680184,0.9703494658139237,0.3101966990345783,OSBPL6;CYP7B1
P1,Reactome_Pathways_2024,gs_ind_0,Metabolism of Steroids,2/138,0.0913972515060394,0.2057912308103726,5.02621743738495,12.025425624406154,OSBPL6;CYP7B1
P1,Reactome_Pathways_2024,gs_ind_0,Metal Ion SLC Transporters,1/24,0.08443833551787916,0.20427914194365931,17.41334331230621,43.0411486823959,CP
P1,Reactome_Pathways_2024,gs_ind_0,Molecules Associated With Elastic Fibres,1/36,0.12397052607037776,0.22301914226062802,11.52204685398825,24.054708967199332,EFEMP1
P1,Reactome_Pathways_2024,gs_ind_0,Muscarinic Acetylcholine Receptors,1/5,0.018204501114733745,0.12457589978513875,91.0,364.55386253468845,CHRM3
P1,Reactome_Pathways_2024,gs_ind_0,Muscle Contraction,2/194,0.1592529080557254,0.25495075647453286,3.556661612499176,6.534518244976128,ASPH;ITPR1
P1,Reactome_Pathways_2024,gs_ind_0,N-glycan Antennae Elongation in the Medial trans-Golgi,1/25,0.08779905814197392,0.20427914194365931,16.70197928417598,40.630980258906256,MGAT3
P1,Reactome_Pathways_2024,gs_ind_0,NOTCH1 Intracellular Domain Regulates Transcription,2/47,0.012930045847825955,0.1025587727475286,15.129413733474648,65.7857401005744,NBEA;MAML2
P1,Reactome_Pathways_2024,gs_ind_0,NOTCH2 Intracellular Domain Regulates Transcription,1/10,0.036080852581350895,0.16143868654989055,43.0973287490082,143.16902243022955,MAML2
P1,Reactome_Pathways_2024,gs_ind_0,NOTCH3 Activation and Transmission of Signal to the Nucleus,1/24,0.08443833551787916,0.20427914194365931,17.41334331230621,43.0411486823959,EGFR
P1,Reactome_Pathways_2024,gs_ind_0,NOTCH3 Intracellular Domain Regulates Transcription,2/25,0.003780992539606251,0.04887282949342895,29.316880872664434,163.52278131066697,PBX1;MAML2
P1,Reactome_Pathways_2024,gs_ind_0,NOTCH4 Intracellular Domain Regulates Transcription,1/20,0.07087242893827944,0.20427914194365931,20.98840355624275,55.55365534242182,MAML2
P1,Reactome_Pathways_2024,gs_ind_0,Na+ Cl- Dependent Neurotransmitter Transporters,1/18,0.06401504258973123,0.19947544521264463,23.388801148600145,64.28732849758696,SLC6A6
P1,Reactome_Pathways_2024,gs_ind_0,Negative Regulation of the PI3K AKT Network,1/112,0.3379071067322184,0.38920653547704365,3.658178786308223,3.9690663793599787,EGFR
P1,Reactome_Pathways_2024,gs_ind_0,Nervous System Development,2/542,0.5938580526886399,0.6357560134611513,1.2503697929628985,0.6515864005371867,EGFR;MBP
P1,Reactome_Pathways_2024,gs_ind_0,Neuronal System,5/394,0.015119579074119939,0.11471158906234476,3.959479531416973,16.597206718762138,KCNH1;KCNQ5;KCNJ16;NBEA;ADCY2
P1,Reactome_Pathways_2024,gs_ind_0,Neurotransmitter Receptors and Postsynaptic Signal Transmission,3/193,0.03424074619414928,0.16143868654989055,5.08358570563295,17.153741175380915,NBEA;KCNJ16;ADCY2
P1,Reactome_Pathways_2024,gs_ind_0,Nitric Oxide Stimulates Guanylate Cyclase,2/20,0.0024233666823696197,0.03844340782486352,37.24722184113047,224.32502568471043,ITPR1;PDE1A
P1,Reactome_Pathways_2024,gs_ind_0,Non-integrin membrane-ECM Interactions,1/59,0.19507633576312508,0.2824964364370567,6.986084267491303,11.41780694412366,COL4A6
P1,Reactome_Pathways_2024,gs_ind_0,Notch-HLH Transcription Pathway,1/28,0.09780812250653742,0.2063799364494829,14.878300593878484,34.58829438886499,MAML2
P1,Reactome_Pathways_2024,gs_ind_0,Nuclear Receptor Transcription Pathway,1/52,0.17406277381902974,0.2698998877808593,7.937698199736547,13.877789521683125,ESRRG
P1,Reactome_Pathways_2024,gs_ind_0,O-linked Glycosylation,1/106,0.32308942595997636,0.37586069886677254,3.867084236347615,4.3691328307529815,ST6GALNAC2
P1,Reactome_Pathways_2024,gs_ind_0,O-linked Glycosylation of Mucins,1/58,0.19210712382525622,0.27935577589589344,7.107843565654359,11.725824641202973,ST6GALNAC2
P1,Reactome_Pathways_2024,gs_ind_0,Opioid Signalling,6/89,9.500331448023779e-07,0.00016578078376801495,22.31083864017996,309.3792448096497,ITPR1;GNAQ;PDE4D;NBEA;ADCY2;PDE1A
P1,Reactome_Pathways_2024,gs_ind_0,Other Interleukin Signaling,1/21,0.07428244681570347,0.20427914194365931,19.96384360828533,51.90360975057245,PTPRZ1
P1,Reactome_Pathways_2024,gs_ind_0,PCP CE Pathway,2/79,0.0341732705050247,0.16143868654989055,8.871950221057803,29.954467600258326,WNT5B;PRICKLE1
P1,Reactome_Pathways_2024,gs_ind_0,PI3K AKT Signaling in Cancer,1/105,0.32058809356015355,0.37586069886677254,3.9042340891058163,4.441449584249801,EGFR
P1,Reactome_Pathways_2024,gs_ind_0,PI3K Events in ERBB2 Signaling,1/16,0.0571075553965845,0.19163977724430759,26.40865618414654,75.60319879037347,EGFR
P1,Reactome_Pathways_2024,gs_ind_0,"PI5P, PP2A and IER3 Regulate PI3K AKT Signaling",1/105,0.32058809356015355,0.37586069886677254,3.9042340891058163,4.441449584249801,EGFR
P1,Reactome_Pathways_2024,gs_ind_0,PIP3 Activates AKT Signaling,1/255,0.6098854147281343,0.6504696492306588,1.594228509936717,0.7883207841130787,EGFR
P1,Reactome_Pathways_2024,gs_ind_0,PKA Activation,2/17,0.0017470948129191322,0.032091373142567214,44.4612739479286,282.3202407734291,NBEA;ADCY2
P1,Reactome_Pathways_2024,gs_ind_0,PKA Activation in Glucagon Signalling,1/16,0.0571075553965845,0.19163977724430759,26.40865618414654,75.60319879037347,ADCY2
P1,Reactome_Pathways_2024,gs_ind_0,PKA-mediated Phosphorylation of CREB,2/19,0.0021862443461816107,0.03633329889606582,39.37708484408992,241.20709424369562,NBEA;ADCY2
P1,Reactome_Pathways_2024,gs_ind_0,PLC Beta Mediated Events,5/48,9.061687404909075e-07,0.00016578078376801495,35.911355840404404,499.67205240765196,ITPR1;GNAQ;PDE1A;NBEA;ADCY2
P1,Reactome_Pathways_2024,gs_ind_0,PTK6 Promotes HIF1A Stabilization,1/6,0.021805834468432178,0.1360505187304765,74.4518044769301,284.8211635890129,EGFR
P1,Reactome_Pathways_2024,gs_ind_0,Parasitic Infection Pathways,2/158,0.1145297969795471,0.21374812377466276,4.380645789072509,9.492510086878614,ITPR1;ADCY2
P1,Reactome_Pathways_2024,gs_ind_0,Peptide Hormone Metabolism,1/76,0.24393127980932583,0.3261763090170679,5.409664215115312,7.632326099746303,PAX6
P1,Reactome_Pathways_2024,gs_ind_0,Phase I - Functionalization of Compounds,3/67,0.0019340499414297197,0.033749171477948606,15.084436493738819,94.24965684579281,POR;FMO2;CYP7B1
P1,Reactome_Pathways_2024,gs_ind_0,Phase II - Conjugation of Compounds,1/86,0.2712858857554616,0.34428645137693126,4.775191748214758,6.229629607934631,ACSM1
P1,Reactome_Pathways_2024,gs_ind_0,"Platelet Activation, Signaling and Aggregation",2/253,0.23754460724665472,0.32116029907299165,2.716341544640785,3.9044689373922585,GNAQ;ITPR1
P1,Reactome_Pathways_2024,gs_ind_0,Platelet Calcium Homeostasis,1/27,0.09448390777737954,0.2060930238394091,15.440314781454441,36.428732206490906,ITPR1
P1,Reactome_Pathways_2024,gs_ind_0,Platelet Homeostasis,2/83,0.03739217545002293,0.1651882181273165,8.435271402323192,27.720780186823443,ITPR1;PDE1A
P1,Reactome_Pathways_2024,gs_ind_0,Post-translational Protein Modification,4/1329,0.7242447761540456,0.7500246442680184,0.9091593161638095,0.29331830182215146,ASPH;ST6GALNAC2;MGAT3;CP
P1,Reactome_Pathways_2024,gs_ind_0,Post-translational Protein Phosphorylation,1/100,0.3079435140862534,0.3693205718766407,4.101184313527436,4.830534456023747,CP
P1,Reactome_Pathways_2024,gs_ind_0,Potassium Channels,3/101,0.006150768555961784,0.06504903715244431,9.865234934270466,50.225669395539725,KCNQ5;KCNH1;KCNJ16
P1,Reactome_Pathways_2024,gs_ind_0,Pre-NOTCH Expression and Processing,1/50,0.16795977255684102,0.264044867668187,8.259022384650525,14.734350124773231,MAML2
P1,Reactome_Pathways_2024,gs_ind_0,Pre-NOTCH Transcription and Translation,1/34,0.11750120825052357,0.21697313057900913,12.21083027075677,26.147132213032688,MAML2
P1,Reactome_Pathways_2024,gs_ind_0,Presynaptic Phase of Homologous DNA Pairing and Strand Exchange,1/39,0.1335865701175638,0.23310856485514886,10.623050316517654,21.38425920263491,RAD51B
P1,Reactome_Pathways_2024,gs_ind_0,Protein Folding,1/91,0.28459342977031415,0.3559967992467371,4.510536105944085,5.668362215187675,GNAQ
P1,Reactome_Pathways_2024,gs_ind_0,Protein Hydroxylation,1/18,0.06401504258973123,0.19947544521264463,23.388801148600145,64.28732849758696,ASPH
P1,Reactome_Pathways_2024,gs_ind_0,RAB GEFs Exchange GTP for GDP on RABs,1/85,0.2685951165573057,0.34428645137693126,4.83188129999108,6.351750414065389,ST5
P1,Reactome_Pathways_2024,gs_ind_0,RAF MAP Kinase Cascade,1/256,0.6113296416838283,0.6504696492306588,1.5879298645871234,0.7814503832510705,EGFR
P1,Reactome_Pathways_2024,gs_ind_0,RHO GTPase Cycle,1/434,0.7995948251682946,0.813581906658119,0.9297177931178383,0.20793152217068375,PHIP
P1,Reactome_Pathways_2024,gs_ind_0,RHOBTB GTPase Cycle,1/35,0.12074175755375664,0.21833613153503145,11.856456194013546,25.06574885089274,PHIP
P1,Reactome_Pathways_2024,gs_ind_0,RHOBTB2 GTPase Cycle,1/23,0.08106535561630931,0.20427914194365931,18.187939698492464,45.697191038775365,PHIP
P1,Reactome_Pathways_2024,gs_ind_0,RNA Polymerase II Transcription,7/943,0.05844413935916941,0.19425718701285832,2.2468030069864184,6.38021024381721,RUNX2;ESRRG;SESN3;TCF7L1;EGFR;ZFHX3;MAML2
P1,Reactome_Pathways_2024,gs_ind_0,RUNX1 Regulates Transcription of Genes Involved in Differentiation of Myeloid Cells,1/6,0.021805834468432178,0.1360505187304765,74.4518044769301,284.8211635890129,RUNX2
P1,Reactome_Pathways_2024,gs_ind_0,RUNX2 Regulates Bone Development,1/30,0.10442034991225575,0.20944081677803023,13.868580189080998,31.333708986565636,RUNX2
P1,Reactome_Pathways_2024,gs_ind_0,RUNX2 Regulates Chondrocyte Maturation,1/5,0.018204501114733745,0.12457589978513875,91.0,364.55386253468845,RUNX2
P1,Reactome_Pathways_2024,gs_ind_0,RUNX2 Regulates Genes Involved in Cell Migration,1/8,0.02896931280161029,0.1578563703650663,54.59396984924623,193.34553720447744,RUNX2
P1,Reactome_Pathways_2024,gs_ind_0,RUNX2 Regulates Osteoblast Differentiation,1/23,0.08106535561630931,0.20427914194365931,18.187939698492464,45.697191038775365,RUNX2
P1,Reactome_Pathways_2024,gs_ind_0,RUNX3 Regulates CDKN1A Transcription,1/6,0.021805834468432178,0.1360505187304765,74.4518044769301,284.8211635890129,ZFHX3
P1,Reactome_Pathways_2024,gs_ind_0,RUNX3 Regulates NOTCH Signaling,1/14,0.05014960504049533,0.18907660495051973,30.32328308207705,90.74984291620152,MAML2
P1,Reactome_Pathways_2024,gs_ind_0,RUNX3 Regulates WNT Signaling,1/8,0.02896931280161029,0.1578563703650663,54.59396984924623,193.34553720447744,TCF7L1
P1,Reactome_Pathways_2024,gs_ind_0,Rab Regulation of Trafficking,1/117,0.3500095275592664,0.40050270530552123,3.5005283930381523,3.6748368657678374,ST5
P1,Reactome_Pathways_2024,gs_ind_0,Recruitment and ATM-med Phosphorylation of Repair and Signaling Proteins at DNA Double Strand Breaks,1/39,0.1335865701175638,0.23310856485514886,10.623050316517654,21.38425920263491,EYA2
P1,Reactome_Pathways_2024,gs_ind_0,Regulation of Beta-Cell Development,2/37,0.00815744149226313,0.07299864309743159,19.398369914921,93.2833604212486,PAX6;MAML2
P1,Reactome_Pathways_2024,gs_ind_0,Regulation of Gene Expression in Beta Cells,1/19,0.06744997582548398,0.20119693643670009,22.123726741817194,59.65373216204687,PAX6
P1,Reactome_Pathways_2024,gs_ind_0,Regulation of Gene Expression in Late Stage (Branching Morphogenesis) Pancreatic Bud Precursor Cells,1/15,0.05363491085988955,0.18907660495051973,28.2309824987004,82.591294852792,MAML2
P1,Reactome_Pathways_2024,gs_ind_0,Regulation of HSF1-mediated Heat Shock Response,1/77,0.24671186426811992,0.3273857058158701,5.3387525864617205,7.471766641728897,COL4A6
P1,Reactome_Pathways_2024,gs_ind_0,Regulation of IGF Transport and Uptake by Insulin-like Growth Factor Binding Proteins (IGFBPs),1/112,0.3379071067322184,0.38920653547704365,3.658178786308223,3.9690663793599787,CP
P1,Reactome_Pathways_2024,gs_ind_0,Regulation of Insulin Secretion,3/75,0.0026690977987783616,0.03881313049056868,13.415985853227232,79.50333027675184,GNAQ;ITPR1;CHRM3
P1,Reactome_Pathways_2024,gs_ind_0,Regulation of MITF-M-dependent Genes Involved in Cell Cycle and Proliferation,1/17,0.060567584183063565,0.19755221383074004,24.80721790772042,69.5593259790493,TCF7L1
P1,Reactome_Pathways_2024,gs_ind_0,Regulation of RUNX2 Expression and Activity,1/57,0.1891270689518711,0.27617300026863184,7.233912927469205,12.046896829454685,RUNX2
P1,Reactome_Pathways_2024,gs_ind_0,Repression of WNT Target Genes,1/14,0.05014960504049533,0.18907660495051973,30.32328308207705,90.74984291620152,TCF7L1
P1,Reactome_Pathways_2024,gs_ind_0,Resolution of D-Loop Structures,1/33,0.11424883561195394,0.21374812377466276,12.587011982991882,27.305967256473732,RAD51B
P1,Reactome_Pathways_2024,gs_ind_0,Resolution of D-loop Structures Through Holliday Junction Intermediates,1/32,0.11098459693722368,0.21374812377466276,12.987078248384782,28.550323385514286,RAD51B
P1,Reactome_Pathways_2024,gs_ind_0,Resolution of D-loop Structures Through Synthesis-Dependent Strand Annealing (SDSA),1/26,0.09114756758275655,0.2057912308103726,16.046408513154006,38.435568598252985,RAD51B
P1,Reactome_Pathways_2024,gs_ind_0,Respiratory Syncytial Virus (RSV) Attachment and Entry,1/23,0.08106535561630931,0.20427914194365931,18.187939698492464,45.697191038775365,EGFR
P1,Reactome_Pathways_2024,gs_ind_0,Respiratory Syncytial Virus Infection Pathway,1/102,0.31302906249874485,0.37285714270328313,4.020075748199123,4.669154128547146,EGFR
P1,Reactome_Pathways_2024,gs_ind_0,Response of Endothelial Cells to Shear Stress,3/92,0.004746104721816795,0.05521301826380205,10.860879530153273,58.110387132872994,GNAQ;ADCY2;PDE4D
P1,Reactome_Pathways_2024,gs_ind_0,Role of Phospholipids in Phagocytosis,1/25,0.08779905814197392,0.20427914194365931,16.70197928417598,40.630980258906256,ITPR1
P1,Reactome_Pathways_2024,gs_ind_0,SARS-CoV Infections,1/383,0.7576031904922855,0.7762996648898798,1.0556902157848065,0.2930548805370074,ST6GALNAC2
P1,Reactome_Pathways_2024,gs_ind_0,SARS-CoV-1 Infection,1/135,0.391792489846731,0.43825506075804205,3.030038669182343,2.839215748138981,ST6GALNAC2
P1,Reactome_Pathways_2024,gs_ind_0,SARS-CoV-2 Infection,1/266,0.6254839237159368,0.6614966344753391,1.527553019333958,0.7167731699914303,ST6GALNAC2
P1,Reactome_Pathways_2024,gs_ind_0,SHC1 Events in EGFR Signaling,1/14,0.05014960504049533,0.18907660495051973,30.32328308207705,90.74984291620152,EGFR
P1,Reactome_Pathways_2024,gs_ind_0,SHC1 Events in ERBB2 Signaling,1/22,0.07768007418553498,0.20427914194365931,19.03459156246348,48.636360355386536,EGFR
P1,Reactome_Pathways_2024,gs_ind_0,SLC Transporter Disorders,1/93,0.2898488274575872,0.35999018072134503,4.412685046855901,5.464650525257103,CP
P1,Reactome_Pathways_2024,gs_ind_0,SLC-mediated Transmembrane Transport,2/233,0.21058862430224173,0.29998134645503005,2.9532073982304765,4.600650295532276,SLC6A6;CP
P1,Reactome_Pathways_2024,gs_ind_0,Sensory Perception,1/196,0.5145753255082592,0.5577229459701318,2.0799007826858076,1.3819138033475389,EPS8
P1,Reactome_Pathways_2024,gs_ind_0,Sensory Processing of Sound,1/73,0.23552841416211917,0.3198420877143175,5.634136198232542,8.146531160523915,EPS8
P1,Reactome_Pathways_2024,gs_ind_0,Sensory Processing of Sound by Inner Hair Cells of the Cochlea,1/65,0.21266608310352175,0.30170919919971173,6.334813602898212,9.80649435082848,EPS8
P1,Reactome_Pathways_2024,gs_ind_0,Sensory Processing of Sound by Outer Hair Cells of the Cochlea,1/52,0.17406277381902974,0.2698998877808593,7.937698199736547,13.877789521683125,EPS8
P1,Reactome_Pathways_2024,gs_ind_0,Sialic Acid Metabolism,1/33,0.11424883561195394,0.21374812377466276,12.587011982991882,27.305967256473732,ST6GALNAC2
P1,Reactome_Pathways_2024,gs_ind_0,Signal Amplification,1/33,0.11424883561195394,0.21374812377466276,12.587011982991882,27.305967256473732,GNAQ
P1,Reactome_Pathways_2024,gs_ind_0,Signal Transduction by L1,1/21,0.07428244681570347,0.20427914194365931,19.96384360828533,51.90360975057245,EGFR
P1,Reactome_Pathways_2024,gs_ind_0,Signaling by ALK,1/28,0.09780812250653742,0.2063799364494829,14.878300593878484,34.58829438886499,PTPRZ1
P1,Reactome_Pathways_2024,gs_ind_0,Signaling by EGFR,1/53,0.17709763410262688,0.2698998877808593,7.7862167982771,13.478362460655353,EGFR
P1,Reactome_Pathways_2024,gs_ind_0,Signaling by EGFR in Cancer,1/25,0.08779905814197392,0.20427914194365931,16.70197928417598,40.630980258906256,EGFR
P1,Reactome_Pathways_2024,gs_ind_0,Signaling by EGFRvIII in Cancer,1/15,0.05363491085988955,0.18907660495051973,28.2309824987004,82.591294852792,EGFR
P1,Reactome_Pathways_2024,gs_ind_0,Signaling by ERBB2,1/50,0.16795977255684102,0.264044867668187,8.259022384650525,14.734350124773231,EGFR
P1,Reactome_Pathways_2024,gs_ind_0,Signaling by ERBB2 ECD Mutants,1/16,0.0571075553965845,0.19163977724430759,26.40865618414654,75.60319879037347,EGFR
P1,Reactome_Pathways_2024,gs_ind_0,Signaling by ERBB2 KD Mutants,1/25,0.08779905814197392,0.20427914194365931,16.70197928417598,40.630980258906256,EGFR
P1,Reactome_Pathways_2024,gs_ind_0,Signaling by ERBB2 TMD JMD Mutants,1/22,0.07768007418553498,0.20427914194365931,19.03459156246348,48.636360355386536,EGFR
P1,Reactome_Pathways_2024,gs_ind_0,Signaling by ERBB2 in Cancer,1/26,0.09114756758275655,0.2057912308103726,16.046408513154006,38.435568598252985,EGFR
P1,Reactome_Pathways_2024,gs_ind_0,Signaling by ERBB4,1/57,0.1891270689518711,0.27617300026863184,7.233912927469205,12.046896829454685,EGFR
P1,Reactome_Pathways_2024,gs_ind_0,Signaling by GPCR,9/617,0.00044860891600238074,0.015656451168483087,4.531707010430558,34.936556502221286,ITPR1;CHRM3;PDE7A;GNAQ;EGFR;PDE4D;NBEA;ADCY2;PDE1A
P1,Reactome_Pathways_2024,gs_ind_0,Signaling by Hedgehog,1/133,0.3872845095642038,0.4346054464241387,3.0760026547833506,2.917882858364609,ADCY2
P1,Reactome_Pathways_2024,gs_ind_0,Signaling by Interleukins,1/419,0.7880542788952973,0.8041840448375988,0.9635813475982061,0.22951381239437688,PTPRZ1
P1,Reactome_Pathways_2024,gs_ind_0,Signaling by Ligand-Responsive EGFR Variants in Cancer,1/19,0.06744997582548398,0.20119693643670009,22.123726741817194,59.65373216204687,EGFR
P1,Reactome_Pathways_2024,gs_ind_0,Signaling by NOTCH,4/163,0.0030919696727938558,0.04316389663220223,7.896324329592152,45.63243945271635,EGFR;NBEA;PBX1;MAML2
P1,Reactome_Pathways_2024,gs_ind_0,Signaling by NOTCH1,2/72,0.0288204192434945,0.1578563703650663,9.755373150448213,34.599100427774125,NBEA;MAML2
P1,Reactome_Pathways_2024,gs_ind_0,Signaling by NOTCH1 HD+PEST Domain Mutants in Cancer,1/56,0.18613613194826314,0.2752606358048468,7.36452532934945,12.381806910580362,MAML2
P1,Reactome_Pathways_2024,gs_ind_0,Signaling by NOTCH1 PEST Domain Mutants in Cancer,1/56,0.18613613194826314,0.2752606358048468,7.36452532934945,12.381806910580362,MAML2
P1,Reactome_Pathways_2024,gs_ind_0,Signaling by NOTCH1 in Cancer,1/56,0.18613613194826314,0.2752606358048468,7.36452532934945,12.381806910580362,MAML2
P1,Reactome_Pathways_2024,gs_ind_0,Signaling by NOTCH2,1/30,0.10442034991225575,0.20944081677803023,13.868580189080998,31.333708986565636,MAML2
P1,Reactome_Pathways_2024,gs_ind_0,Signaling by NOTCH3,3/48,0.0007343418080684579,0.019714253155068598,21.398422090729785,154.42248248739878,PBX1;EGFR;MAML2
P1,Reactome_Pathways_2024,gs_ind_0,Signaling by NOTCH4,1/71,0.2298752076552973,0.31835891853848713,5.794397519512456,8.519031546226,MAML2
P1,Reactome_Pathways_2024,gs_ind_0,Signaling by Non-Receptor Tyrosine Kinases,1/53,0.17709763410262688,0.2698998877808593,7.7862167982771,13.478362460655353,EGFR
P1,Reactome_Pathways_2024,gs_ind_0,Signaling by Nuclear Receptors,1/228,0.5688182929708799,0.6127085933544355,1.7852228173836213,1.0072124313490023,EGFR
P1,Reactome_Pathways_2024,gs_ind_0,Signaling by Overexpressed Wild-Type EGFR in Cancer,1/8,0.02896931280161029,0.1578563703650663,54.59396984924623,193.34553720447744,EGFR
P1,Reactome_Pathways_2024,gs_ind_0,Signaling by PTK6,1/53,0.17709763410262688,0.2698998877808593,7.7862167982771,13.478362460655353,EGFR
P1,Reactome_Pathways_2024,gs_ind_0,Signaling by Receptor Tyrosine Kinases,3/516,0.29387651489524036,0.3613264376506016,1.863346066461938,2.2818454263880428,ITPR1;EGFR;PTPRZ1
P1,Reactome_Pathways_2024,gs_ind_0,Signaling by Rho GTPases,1/619,0.899794800796712,0.9102272042842101,0.6471199977250846,0.06832845626180337,PHIP
P1,Reactome_Pathways_2024,gs_ind_0,"Signaling by Rho GTPases, Miro GTPases and RHOBTB3",1/633,0.9049339788578421,0.9127802272294419,0.6324627088009216,0.06317878045656725,PHIP
P1,Reactome_Pathways_2024,gs_ind_0,Signaling by VEGF,1/105,0.32058809356015355,0.37586069886677254,3.9042340891058163,4.441449584249801,ITPR1
P1,Reactome_Pathways_2024,gs_ind_0,Signaling by WNT,4/257,0.014936919776789561,0.11471158906234476,4.9510071435141185,20.813634452576643,TCF7L1;ITPR1;WNT5B;PRICKLE1
P1,Reactome_Pathways_2024,gs_ind_0,Signaling by the B Cell Receptor (BCR),1/100,0.3079435140862534,0.3693205718766407,4.101184313527436,4.830534456023747,ITPR1
P1,Reactome_Pathways_2024,gs_ind_0,Specification of the Neural Plate Border,1/16,0.0571075553965845,0.19163977724430759,26.40865618414654,75.60319879037347,TCF7L1
P1,Reactome_Pathways_2024,gs_ind_0,Stimuli-sensing Channels,1/101,0.3104909300170286,0.37110046087651705,4.060226505662642,4.748843312214204,ASPH
P1,Reactome_Pathways_2024,gs_ind_0,Sulfur Amino Acid Metabolism,1/27,0.09448390777737954,0.2060930238394091,15.440314781454441,36.428732206490906,CDO1
P1,Reactome_Pathways_2024,gs_ind_0,Synthesis of Bile Acids and Bile Salts,2/29,0.00506840162905688,0.05706039253357584,25.04891555145362,132.37674976169106,OSBPL6;CYP7B1
P1,Reactome_Pathways_2024,gs_ind_0,Synthesis of Bile Acids and Bile Salts via 27-Hydroxycholesterol,1/10,0.036080852581350895,0.16143868654989055,43.0973287490082,143.16902243022955,CYP7B1
P1,Reactome_Pathways_2024,gs_ind_0,Synthesis of Bile Acids and Bile Salts via 7Alpha-Hydroxycholesterol,1/19,0.06744997582548398,0.20119693643670009,22.123726741817194,59.65373216204687,CYP7B1
P1,Reactome_Pathways_2024,gs_ind_0,Synthesis of IP3 and IP4 in the Cytosol,1/26,0.09114756758275655,0.2057912308103726,16.046408513154006,38.435568598252985,PLCE1
P1,Reactome_Pathways_2024,gs_ind_0,Synthesis of Substrates in N-glycan Biosythesis,1/63,0.20684553317320864,0.2958569306452861,6.538010050251256,10.302484965677984,ST6GALNAC2
P1,Reactome_Pathways_2024,gs_ind_0,"Synthesis, Secretion, and Inactivation of Glucagon-like Peptide-1 (GLP-1)",1/21,0.07428244681570347,0.20427914194365931,19.96384360828533,51.90360975057245,PAX6
P1,Reactome_Pathways_2024,gs_ind_0,"Synthesis, Secretion, and Inactivation of Glucose-dependent Insulinotropic Polypeptide (GIP)",1/13,0.04665159224326654,0.1871425941712646,32.75035175879397,100.38140738175221,PAX6
P1,Reactome_Pathways_2024,gs_ind_0,TCF Dependent Signaling in Response to WNT,1/161,0.4474925332274017,0.4930001324156241,2.536749166392711,2.0397884039694127,TCF7L1
P1,Reactome_Pathways_2024,gs_ind_0,TFAP2 (AP-2) Family Regulates Transcription of Growth Factors and Their Receptors,1/12,0.043140826609840886,0.18139937935945144,35.59951933580948,111.89945212016866,EGFR
P1,Reactome_Pathways_2024,gs_ind_0,TNFR2 Non-Canonical NF-kB Pathway,1/85,0.2685951165573057,0.34428645137693126,4.83188129999108,6.351750414065389,EDAR
P1,Reactome_Pathways_2024,gs_ind_0,TNFs Bind Their Physiological Receptors,1/27,0.09448390777737954,0.2060930238394091,15.440314781454441,36.428732206490906,EDAR
P1,Reactome_Pathways_2024,gs_ind_0,TP53 Regulates Metabolic Genes,1/78,0.24948232449515884,0.32856351414645446,5.26967093532177,7.316238334127009,SESN3
P1,Reactome_Pathways_2024,gs_ind_0,Termination of O-glycan Biosynthesis,1/21,0.07428244681570347,0.20427914194365931,19.96384360828533,51.90360975057245,ST6GALNAC2
P1,Reactome_Pathways_2024,gs_ind_0,Thrombin Signalling Through Proteinase Activated Receptors (PARs),1/32,0.11098459693722368,0.21374812377466276,12.987078248384782,28.550323385514286,GNAQ
P1,Reactome_Pathways_2024,gs_ind_0,Thromboxane Signalling Through TP Receptor,1/24,0.08443833551787916,0.20427914194365931,17.41334331230621,43.0411486823959,GNAQ
P1,Reactome_Pathways_2024,gs_ind_0,Transcriptional Regulation by RUNX1,1/161,0.4474925332274017,0.4930001324156241,2.536749166392711,2.0397884039694127,RUNX2
P1,Reactome_Pathways_2024,gs_ind_0,Transcriptional Regulation by RUNX2,1/103,0.31555794502221696,0.37459089392093103,3.980708420149528,4.5914006536709016,RUNX2
P1,Reactome_Pathways_2024,gs_ind_0,Transcriptional Regulation by RUNX3,3/84,0.0036778892089274757,0.04887282949342895,11.930501809029417,66.87542901992121,ZFHX3;TCF7L1;MAML2
P1,Reactome_Pathways_2024,gs_ind_0,Transcriptional Regulation by TP53,1/332,0.7069187758665203,0.7364616500818376,1.2204233838877647,0.4232910427310434,SESN3
P1,Reactome_Pathways_2024,gs_ind_0,Transcriptional Regulation by the AP-2 (TFAP2) Family of Transcription Factors,1/35,0.12074175755375664,0.21833613153503145,11.856456194013546,25.06574885089274,EGFR
P1,Reactome_Pathways_2024,gs_ind_0,Transcriptional Regulation of Pluripotent Stem Cells,1/29,0.10112025539501886,0.2063799364494829,14.355725998413119,32.89535401837941,PBX1
P1,Reactome_Pathways_2024,gs_ind_0,Translation of Structural Proteins 9683701,1/29,0.10112025539501886,0.2063799364494829,14.355725998413119,32.89535401837941,ST6GALNAC2
P1,Reactome_Pathways_2024,gs_ind_0,Translation of Structural Proteins 9694635,1/57,0.1891270689518711,0.27617300026863184,7.233912927469205,12.046896829454685,ST6GALNAC2
P1,Reactome_Pathways_2024,gs_ind_0,Transmission Across Chemical Synapses,3/257,0.06883284865846509,0.2035818998457993,3.7961714775074302,10.158836536656947,NBEA;KCNJ16;ADCY2
P1,Reactome_Pathways_2024,gs_ind_0,"Transport of Bile Salts and Organic Acids, Metal Ions and Amine Compounds",2/81,0.03576854112490912,0.16143868654989055,8.648117996360503,28.80416995965575,SLC6A6;CP
P1,Reactome_Pathways_2024,gs_ind_0,Transport of Inorganic Cations Anions and Amino Acids Oligopeptides,1/106,0.32308942595997636,0.37586069886677254,3.867084236347615,4.3691328307529815,SLC6A6
P1,Reactome_Pathways_2024,gs_ind_0,Transport of Small Molecules,4/670,0.23163611837012615,0.3190048918215348,1.8541954141385086,2.7119232094421766,ASPH;SLC6A6;CP;ADCY2
P1,Reactome_Pathways_2024,gs_ind_0,Transport to the Golgi and Subsequent Modification,1/174,0.4734176432362012,0.5169301146783427,2.3455461746774215,1.75394621696352,MGAT3
P1,Reactome_Pathways_2024,gs_ind_0,Turbulent Flow Shear Stress Activates Signaling by PIEZO1 and Integrins in Endothelial Cells,2/31,0.005777366093801807,0.06300939896052596,23.348963262496774,120.33605948747785,GNAQ;PDE4D
P1,Reactome_Pathways_2024,gs_ind_0,Uptake and Actions of Bacterial Toxins,1/29,0.10112025539501886,0.2063799364494829,14.355725998413119,32.89535401837941,ANTXR1
P1,Reactome_Pathways_2024,gs_ind_0,Uptake and Function of Anthrax Toxins,1/11,0.03961726211805212,0.16861493267317304,38.99138549892319,125.88331156809635,ANTXR1
P1,Reactome_Pathways_2024,gs_ind_0,VEGFA-VEGFR2 Pathway,1/96,0.29766034184671536,0.36196327283799185,4.273593096371912,5.178749665642031,ITPR1
P1,Reactome_Pathways_2024,gs_ind_0,VEGFR2 Mediated Cell Proliferation,1/19,0.06744997582548398,0.20119693643670009,22.123726741817194,59.65373216204687,ITPR1
P1,Reactome_Pathways_2024,gs_ind_0,Vasopressin Regulates Renal Water Homeostasis via Aquaporins,1/42,0.14309810434998382,0.2389532938667194,9.854029182054852,19.15844830527978,ADCY2
P1,Reactome_Pathways_2024,gs_ind_0,Vesicle-mediated Transport,2/628,0.6739097764811239,0.7041751856045277,1.075246818802387,0.4243558770758043,ST5;EGFR
P1,Reactome_Pathways_2024,gs_ind_0,Viral Infection Pathways,2/710,0.737992933118599,0.7597626361604457,0.9478629692386503,0.28798070375281887,ST6GALNAC2;EGFR
P1,Reactome_Pathways_2024,gs_ind_0,Voltage Gated Potassium Channels,2/42,0.010421411814037997,0.08897397970498197,17.000376010528296,77.58789300948246,KCNQ5;KCNH1
P1,Reactome_Pathways_2024,gs_ind_0,WNT Ligand Biogenesis and Trafficking,1/26,0.09114756758275655,0.2057912308103726,16.046408513154006,38.435568598252985,WNT5B
P1,Reactome_Pathways_2024,gs_ind_0,YAP1- and WWTR1 (TAZ)-stimulated Gene Expression,1/13,0.04665159224326654,0.1871425941712646,32.75035175879397,100.38140738175221,RUNX2
P1,Reactome_Pathways_2024,gs_ind_0,cGMP Effects,2/15,0.00135532356897635,0.03032935715529965,51.05188945290468,337.1321310615674,ITPR1;PDE1A
