cluster,state,gene,KO,WT1,WT2,WT3,KO_above_allWT
0,Defense/stress duct-like,Ccl20,28.11568667878765,20.855731093564124,13.69885628600121,18.1430123712475,True
0,Defense/stress duct-like,Cxcl1,472.00274000146544,308.7466073655081,336.8513635455169,198.65836235071845,True
0,Defense/stress duct-like,Cxcl2,209.74457169740208,209.37518274323202,160.5224954539116,120.44520817886998,True
0,Defense/stress duct-like,Cxcl5,4.1050451624676185,5.3161667493398745,0.35125272528208223,0.45738686650203786,False
0,Defense/stress duct-like,Ifitm1,13.631848086684922,2.8625513265676252,1.0537581758462469,1.6770851771741389,True
0,Defense/stress duct-like,Ifitm3,1716.838322099193,1929.7685300103747,1696.9019158377394,1277.0241312736896,False
0,Defense/stress duct-like,Il1rn,37.41012855607283,18.811051574587253,30.207734374259076,11.739596240218972,True
0,Defense/stress duct-like,Lcn2,810.8626001108207,270.7155683125382,205.83409701530022,156.883695210199,True
0,Defense/stress duct-like,S100a8,41.050451624676185,0.0,1.0537581758462469,0.6098491553360506,True
0,Defense/stress duct-like,Slpi,22.539021552416546,22.08253880495025,34.77401980292615,66.16863335396147,False
1,Early/differentiating meibocyte,Ccl20,39.765838437321,10.299415787709618,18.240539453009998,8.126748280451448,True
1,Early/differentiating meibocyte,Cxcl1,1665.7232856058665,1758.845947518297,852.9276248227476,904.2654775842867,False
1,Early/differentiating meibocyte,Cxcl2,460.79722891331807,351.94575091716297,216.3327979126986,226.4507426255525,True
1,Early/differentiating meibocyte,Cxcl5,3.278566466906785,0.0,0.0,0.4392836908352134,True
1,Early/differentiating meibocyte,Ifitm1,9.412658566280768,2.648421202553902,2.5536755234213997,3.6240904493905104,True
1,Early/differentiating meibocyte,Ifitm3,1433.3681072899244,1093.2094186097495,1027.6719927825834,605.6623887390505,True
1,Early/differentiating meibocyte,Il1rn,10.893301486819317,7.062456540143739,1.4592431562408,4.722299676478544,True
1,Early/differentiating meibocyte,Lcn2,1176.0535197420465,438.1665745114178,265.94706522488576,191.19822643602663,True
1,Early/differentiating meibocyte,S100a8,4.759209387445332,0.29426902250598913,0.3648107890602,1.9767766087584602,True
1,Early/differentiating meibocyte,Slpi,24.007567354446458,19.127486462889294,12.0387560389866,10.103524889209908,True
2,Differentiated duct,Ccl20,41.27388339670211,41.18612153685286,35.764475194475295,84.5506548517522,False
2,Differentiated duct,Cxcl1,469.6224609421916,333.36531314535017,396.27038515478625,346.7500899794537,True
2,Differentiated duct,Cxcl2,486.40586945137187,405.0776188801057,188.35956935756988,544.4969767365573,False
2,Differentiated duct,Cxcl5,46.39888692747744,9.206309520002403,7.62975470815473,23.563297253767008,True
2,Differentiated duct,Ifitm1,11.423671992262575,0.9690852126318319,0.9537193385193412,3.927216208961168,True
2,Differentiated duct,Ifitm3,747.7028051921998,602.2864596506836,703.8448718272738,371.2374381059175,True
2,Differentiated duct,Il1rn,125.89512490103071,92.06309520002402,75.34382774302796,74.6171079702622,True
2,Differentiated duct,Lcn2,823.6780483736172,179.2807643368889,242.72157165317233,167.94624611263347,True
2,Differentiated duct,S100a8,152.77205181433342,1.453627818947748,0.0,1.1550635908709317,True
2,Differentiated duct,Slpi,68.85500926843196,205.9306076842643,31.94959784039793,73.00001894304289,False
3,Cycling MG,Ccl20,34.76551671226557,10.86923763661273,21.075425025155727,17.679491507731484,True
3,Cycling MG,Cxcl1,941.6009827611207,1146.2105144064335,793.0241323419061,792.7559223945555,False
3,Cycling MG,Cxcl2,361.19836038004433,374.0005859507198,270.0595160200187,295.47320381538475,False
3,Cycling MG,Cxcl5,14.590347375227921,0.0,0.0,0.5642390906722814,True
3,Cycling MG,Ifitm1,6.631976079649055,3.9524500496773562,0.4901261633757145,1.1284781813445628,True
3,Cycling MG,Ifitm3,1330.7932632247364,1290.9689974758667,1412.0534766854337,708.1200587937133,False
3,Cycling MG,Il1rn,37.55792769317044,10.86923763661273,30.87794829267002,11.09670211655487,True
3,Cycling MG,Lcn2,995.2152735944941,357.69672949580075,407.2948417652188,185.25850143739908,True
3,Cycling MG,S100a8,47.12193530276961,1.9762250248386781,1.960504653502858,0.9403984844538025,True
3,Cycling MG,Slpi,34.13722424156198,19.26819399217711,70.57816752610289,30.84507029008472,False
4,Lipogenic/differentiated meibocyte,Ccl20,9.0658431265102,1.6654266177641899,0.0,3.199194546013138,True
4,Lipogenic/differentiated meibocyte,Cxcl1,492.88741989513994,316.014700720755,108.54794068716903,203.71645270419143,True
4,Lipogenic/differentiated meibocyte,Cxcl2,142.57394318614328,52.87729511401302,27.486388414347523,33.43674299704054,True
4,Lipogenic/differentiated meibocyte,Cxcl5,14.489851834678694,0.0,0.0,0.20639964812987988,True
4,Lipogenic/differentiated meibocyte,Ifitm1,30.99433547524854,4.996279853292569,9.783290791547422,1.651197185039039,True
4,Lipogenic/differentiated meibocyte,Ifitm3,596.7184437372226,235.2415097591918,226.4133011758118,204.23245182451615,True
4,Lipogenic/differentiated meibocyte,Il1rn,11.855333319282568,3.3308532355283798,5.590451880884242,3.9215933144677173,True
4,Lipogenic/differentiated meibocyte,Lcn2,682.9601821971016,168.20808839418316,174.70162127763257,71.72387772513325,True
4,Lipogenic/differentiated meibocyte,S100a8,25.64781260576817,0.0,0.4658709900736868,0.3095994721948198,True
4,Lipogenic/differentiated meibocyte,Slpi,4.339206966534796,4.163566544410474,5.124580890810555,2.992794897883258,False
5,Basal duct,Ccl20,14.092464503003617,0.0,0.0,12.890598189950977,True
5,Basal duct,Cxcl1,35.871727825827385,20.96970361743518,21.78536513633554,14.28417637264838,True
5,Basal duct,Cxcl2,60.213257421924546,46.77856960812463,47.65548623573399,64.45299094975488,False
5,Basal duct,Cxcl5,7.686798819820154,0.0,0.0,0.0,True
5,Basal duct,Ifitm1,16.654730776277002,3.2261082488361814,0.0,3.135550911069157,True
5,Basal duct,Ifitm3,129.39444680030593,111.30073458484826,32.67804770450331,62.711018221383135,True
5,Basal duct,Il1rn,14.092464503003617,12.904432995344726,12.25426788918874,21.252067286135397,False
5,Basal duct,Lcn2,25.622662732733847,4.839162373254273,2.7231706420419424,6.271101822138314,True
5,Basal duct,S100a8,6.405665683183462,0.0,0.0,0.0,True
5,Basal duct,Slpi,0.0,1.6130541244180907,1.3615853210209712,3.4839454567435073,False
