cluster,state,sample,gene,n_cells,library_counts,gene_counts,CPM
0,Defense/stress duct-like,WT1,Cxcl5,309,2445371.0,13.0,5.3161667493398745
0,Defense/stress duct-like,WT1,Cxcl1,309,2445371.0,755.0,308.7466073655081
0,Defense/stress duct-like,WT1,Cxcl2,309,2445371.0,512.0,209.37518274323202
0,Defense/stress duct-like,WT1,Ccl20,309,2445371.0,51.0,20.855731093564124
0,Defense/stress duct-like,WT1,Slpi,309,2445371.0,54.0,22.08253880495025
0,Defense/stress duct-like,WT1,S100a8,309,2445371.0,0.0,0.0
0,Defense/stress duct-like,WT1,Ifitm1,309,2445371.0,7.0,2.8625513265676252
0,Defense/stress duct-like,WT1,Ifitm3,309,2445371.0,4719.0,1929.7685300103747
0,Defense/stress duct-like,WT1,Il1rn,309,2445371.0,46.0,18.811051574587253
0,Defense/stress duct-like,WT1,Lcn2,309,2445371.0,662.0,270.7155683125382
0,Defense/stress duct-like,WT2,Cxcl5,265,2846953.0,1.0,0.35125272528208223
0,Defense/stress duct-like,WT2,Cxcl1,265,2846953.0,959.0,336.8513635455169
0,Defense/stress duct-like,WT2,Cxcl2,265,2846953.0,457.0,160.5224954539116
0,Defense/stress duct-like,WT2,Ccl20,265,2846953.0,39.0,13.69885628600121
0,Defense/stress duct-like,WT2,Slpi,265,2846953.0,99.0,34.77401980292615
0,Defense/stress duct-like,WT2,S100a8,265,2846953.0,3.0,1.0537581758462469
0,Defense/stress duct-like,WT2,Ifitm1,265,2846953.0,3.0,1.0537581758462469
0,Defense/stress duct-like,WT2,Ifitm3,265,2846953.0,4831.0,1696.9019158377394
0,Defense/stress duct-like,WT2,Il1rn,265,2846953.0,86.0,30.207734374259076
0,Defense/stress duct-like,WT2,Lcn2,265,2846953.0,586.0,205.83409701530022
0,Defense/stress duct-like,WT3,Cxcl5,609,6558999.0,3.0,0.45738686650203786
0,Defense/stress duct-like,WT3,Cxcl1,609,6558999.0,1303.0,198.65836235071845
0,Defense/stress duct-like,WT3,Cxcl2,609,6558999.0,790.0,120.44520817886998
0,Defense/stress duct-like,WT3,Ccl20,609,6558999.0,119.0,18.1430123712475
0,Defense/stress duct-like,WT3,Slpi,609,6558999.0,434.0,66.16863335396147
0,Defense/stress duct-like,WT3,S100a8,609,6558999.0,4.0,0.6098491553360506
0,Defense/stress duct-like,WT3,Ifitm1,609,6558999.0,11.0,1.6770851771741389
0,Defense/stress duct-like,WT3,Ifitm3,609,6558999.0,8376.0,1277.0241312736896
0,Defense/stress duct-like,WT3,Il1rn,609,6558999.0,77.0,11.739596240218972
0,Defense/stress duct-like,WT3,Lcn2,609,6558999.0,1029.0,156.883695210199
0,Defense/stress duct-like,KO,Cxcl5,1226,12910942.0,53.0,4.1050451624676185
0,Defense/stress duct-like,KO,Cxcl1,1226,12910942.0,6094.0,472.00274000146544
0,Defense/stress duct-like,KO,Cxcl2,1226,12910942.0,2708.0,209.74457169740208
0,Defense/stress duct-like,KO,Ccl20,1226,12910942.0,363.0,28.11568667878765
0,Defense/stress duct-like,KO,Slpi,1226,12910942.0,291.0,22.539021552416546
0,Defense/stress duct-like,KO,S100a8,1226,12910942.0,530.0,41.050451624676185
0,Defense/stress duct-like,KO,Ifitm1,1226,12910942.0,176.0,13.631848086684922
0,Defense/stress duct-like,KO,Ifitm3,1226,12910942.0,22166.0,1716.838322099193
0,Defense/stress duct-like,KO,Il1rn,1226,12910942.0,483.0,37.41012855607283
0,Defense/stress duct-like,KO,Lcn2,1226,12910942.0,10469.0,810.8626001108207
1,Early/differentiating meibocyte,WT1,Cxcl5,263,3398251.0,0.0,0.0
1,Early/differentiating meibocyte,WT1,Cxcl1,263,3398251.0,5977.0,1758.845947518297
1,Early/differentiating meibocyte,WT1,Cxcl2,263,3398251.0,1196.0,351.94575091716297
1,Early/differentiating meibocyte,WT1,Ccl20,263,3398251.0,35.0,10.299415787709618
1,Early/differentiating meibocyte,WT1,Slpi,263,3398251.0,65.0,19.127486462889294
1,Early/differentiating meibocyte,WT1,S100a8,263,3398251.0,1.0,0.29426902250598913
1,Early/differentiating meibocyte,WT1,Ifitm1,263,3398251.0,9.0,2.648421202553902
1,Early/differentiating meibocyte,WT1,Ifitm3,263,3398251.0,3715.0,1093.2094186097495
1,Early/differentiating meibocyte,WT1,Il1rn,263,3398251.0,24.0,7.062456540143739
1,Early/differentiating meibocyte,WT1,Lcn2,263,3398251.0,1489.0,438.1665745114178
1,Early/differentiating meibocyte,WT2,Cxcl5,169,2741147.0,0.0,0.0
1,Early/differentiating meibocyte,WT2,Cxcl1,169,2741147.0,2338.0,852.9276248227476
1,Early/differentiating meibocyte,WT2,Cxcl2,169,2741147.0,593.0,216.3327979126986
1,Early/differentiating meibocyte,WT2,Ccl20,169,2741147.0,50.0,18.240539453009998
1,Early/differentiating meibocyte,WT2,Slpi,169,2741147.0,33.0,12.0387560389866
1,Early/differentiating meibocyte,WT2,S100a8,169,2741147.0,1.0,0.3648107890602
1,Early/differentiating meibocyte,WT2,Ifitm1,169,2741147.0,7.0,2.5536755234213997
1,Early/differentiating meibocyte,WT2,Ifitm3,169,2741147.0,2817.0,1027.6719927825834
1,Early/differentiating meibocyte,WT2,Il1rn,169,2741147.0,4.0,1.4592431562408
1,Early/differentiating meibocyte,WT2,Lcn2,169,2741147.0,729.0,265.94706522488576
1,Early/differentiating meibocyte,WT3,Cxcl5,481,9105733.0,4.0,0.4392836908352134
1,Early/differentiating meibocyte,WT3,Cxcl1,481,9105733.0,8234.0,904.2654775842867
1,Early/differentiating meibocyte,WT3,Cxcl2,481,9105733.0,2062.0,226.4507426255525
1,Early/differentiating meibocyte,WT3,Ccl20,481,9105733.0,74.0,8.126748280451448
1,Early/differentiating meibocyte,WT3,Slpi,481,9105733.0,92.0,10.103524889209908
1,Early/differentiating meibocyte,WT3,S100a8,481,9105733.0,18.0,1.9767766087584602
1,Early/differentiating meibocyte,WT3,Ifitm1,481,9105733.0,33.0,3.6240904493905104
1,Early/differentiating meibocyte,WT3,Ifitm3,481,9105733.0,5515.0,605.6623887390505
1,Early/differentiating meibocyte,WT3,Il1rn,481,9105733.0,43.0,4.722299676478544
1,Early/differentiating meibocyte,WT3,Lcn2,481,9105733.0,1741.0,191.19822643602663
1,Early/differentiating meibocyte,KO,Cxcl5,607,9455352.0,31.0,3.278566466906785
1,Early/differentiating meibocyte,KO,Cxcl1,607,9455352.0,15750.0,1665.7232856058665
1,Early/differentiating meibocyte,KO,Cxcl2,607,9455352.0,4357.0,460.79722891331807
1,Early/differentiating meibocyte,KO,Ccl20,607,9455352.0,376.0,39.765838437321
1,Early/differentiating meibocyte,KO,Slpi,607,9455352.0,227.0,24.007567354446458
1,Early/differentiating meibocyte,KO,S100a8,607,9455352.0,45.0,4.759209387445332
1,Early/differentiating meibocyte,KO,Ifitm1,607,9455352.0,89.0,9.412658566280768
1,Early/differentiating meibocyte,KO,Ifitm3,607,9455352.0,13553.0,1433.3681072899244
1,Early/differentiating meibocyte,KO,Il1rn,607,9455352.0,103.0,10.893301486819317
1,Early/differentiating meibocyte,KO,Lcn2,607,9455352.0,11120.0,1176.0535197420465
2,Differentiated duct,WT1,Cxcl5,162,2063802.0,19.0,9.206309520002403
2,Differentiated duct,WT1,Cxcl1,162,2063802.0,688.0,333.36531314535017
2,Differentiated duct,WT1,Cxcl2,162,2063802.0,836.0,405.0776188801057
2,Differentiated duct,WT1,Ccl20,162,2063802.0,85.0,41.18612153685286
2,Differentiated duct,WT1,Slpi,162,2063802.0,425.0,205.9306076842643
2,Differentiated duct,WT1,S100a8,162,2063802.0,3.0,1.453627818947748
2,Differentiated duct,WT1,Ifitm1,162,2063802.0,2.0,0.9690852126318319
2,Differentiated duct,WT1,Ifitm3,162,2063802.0,1243.0,602.2864596506836
2,Differentiated duct,WT1,Il1rn,162,2063802.0,190.0,92.06309520002402
2,Differentiated duct,WT1,Lcn2,162,2063802.0,370.0,179.2807643368889
2,Differentiated duct,WT2,Cxcl5,129,2097053.0,16.0,7.62975470815473
2,Differentiated duct,WT2,Cxcl1,129,2097053.0,831.0,396.27038515478625
2,Differentiated duct,WT2,Cxcl2,129,2097053.0,395.0,188.35956935756988
2,Differentiated duct,WT2,Ccl20,129,2097053.0,75.0,35.764475194475295
2,Differentiated duct,WT2,Slpi,129,2097053.0,67.0,31.94959784039793
2,Differentiated duct,WT2,S100a8,129,2097053.0,0.0,0.0
2,Differentiated duct,WT2,Ifitm1,129,2097053.0,2.0,0.9537193385193412
2,Differentiated duct,WT2,Ifitm3,129,2097053.0,1476.0,703.8448718272738
2,Differentiated duct,WT2,Il1rn,129,2097053.0,158.0,75.34382774302796
2,Differentiated duct,WT2,Lcn2,129,2097053.0,509.0,242.72157165317233
2,Differentiated duct,WT3,Cxcl5,253,4328766.0,102.0,23.563297253767008
2,Differentiated duct,WT3,Cxcl1,253,4328766.0,1501.0,346.7500899794537
2,Differentiated duct,WT3,Cxcl2,253,4328766.0,2357.0,544.4969767365573
2,Differentiated duct,WT3,Ccl20,253,4328766.0,366.0,84.5506548517522
2,Differentiated duct,WT3,Slpi,253,4328766.0,316.0,73.00001894304289
2,Differentiated duct,WT3,S100a8,253,4328766.0,5.0,1.1550635908709317
2,Differentiated duct,WT3,Ifitm1,253,4328766.0,17.0,3.927216208961168
2,Differentiated duct,WT3,Ifitm3,253,4328766.0,1607.0,371.2374381059175
2,Differentiated duct,WT3,Il1rn,253,4328766.0,323.0,74.6171079702622
2,Differentiated duct,WT3,Lcn2,253,4328766.0,727.0,167.94624611263347
2,Differentiated duct,KO,Cxcl5,1512,25560958.0,1186.0,46.39888692747744
2,Differentiated duct,KO,Cxcl1,1512,25560958.0,12004.0,469.6224609421916
2,Differentiated duct,KO,Cxcl2,1512,25560958.0,12433.0,486.40586945137187
2,Differentiated duct,KO,Ccl20,1512,25560958.0,1055.0,41.27388339670211
2,Differentiated duct,KO,Slpi,1512,25560958.0,1760.0,68.85500926843196
2,Differentiated duct,KO,S100a8,1512,25560958.0,3905.0,152.77205181433342
2,Differentiated duct,KO,Ifitm1,1512,25560958.0,292.0,11.423671992262575
2,Differentiated duct,KO,Ifitm3,1512,25560958.0,19112.0,747.7028051921998
2,Differentiated duct,KO,Il1rn,1512,25560958.0,3218.0,125.89512490103071
2,Differentiated duct,KO,Lcn2,1512,25560958.0,21054.0,823.6780483736172
3,Cycling MG,WT1,Cxcl5,126,2024061.0,0.0,0.0
3,Cycling MG,WT1,Cxcl1,126,2024061.0,2320.0,1146.2105144064335
3,Cycling MG,WT1,Cxcl2,126,2024061.0,757.0,374.0005859507198
3,Cycling MG,WT1,Ccl20,126,2024061.0,22.0,10.86923763661273
3,Cycling MG,WT1,Slpi,126,2024061.0,39.0,19.26819399217711
3,Cycling MG,WT1,S100a8,126,2024061.0,4.0,1.9762250248386781
3,Cycling MG,WT1,Ifitm1,126,2024061.0,8.0,3.9524500496773562
3,Cycling MG,WT1,Ifitm3,126,2024061.0,2613.0,1290.9689974758667
3,Cycling MG,WT1,Il1rn,126,2024061.0,22.0,10.86923763661273
3,Cycling MG,WT1,Lcn2,126,2024061.0,724.0,357.69672949580075
3,Cycling MG,WT2,Cxcl5,96,2040291.0,0.0,0.0
3,Cycling MG,WT2,Cxcl1,96,2040291.0,1618.0,793.0241323419061
3,Cycling MG,WT2,Cxcl2,96,2040291.0,551.0,270.0595160200187
3,Cycling MG,WT2,Ccl20,96,2040291.0,43.0,21.075425025155727
3,Cycling MG,WT2,Slpi,96,2040291.0,144.0,70.57816752610289
3,Cycling MG,WT2,S100a8,96,2040291.0,4.0,1.960504653502858
3,Cycling MG,WT2,Ifitm1,96,2040291.0,1.0,0.4901261633757145
3,Cycling MG,WT2,Ifitm3,96,2040291.0,2881.0,1412.0534766854337
3,Cycling MG,WT2,Il1rn,96,2040291.0,63.0,30.87794829267002
3,Cycling MG,WT2,Lcn2,96,2040291.0,831.0,407.2948417652188
3,Cycling MG,WT3,Cxcl5,228,5316895.0,3.0,0.5642390906722814
3,Cycling MG,WT3,Cxcl1,228,5316895.0,4215.0,792.7559223945555
3,Cycling MG,WT3,Cxcl2,228,5316895.0,1571.0,295.47320381538475
3,Cycling MG,WT3,Ccl20,228,5316895.0,94.0,17.679491507731484
3,Cycling MG,WT3,Slpi,228,5316895.0,164.0,30.84507029008472
3,Cycling MG,WT3,S100a8,228,5316895.0,5.0,0.9403984844538025
3,Cycling MG,WT3,Ifitm1,228,5316895.0,6.0,1.1284781813445628
3,Cycling MG,WT3,Ifitm3,228,5316895.0,3765.0,708.1200587937133
3,Cycling MG,WT3,Il1rn,228,5316895.0,59.0,11.09670211655487
3,Cycling MG,WT3,Lcn2,228,5316895.0,985.0,185.25850143739908
3,Cycling MG,KO,Cxcl5,738,14324539.0,209.0,14.590347375227921
3,Cycling MG,KO,Cxcl1,738,14324539.0,13488.0,941.6009827611207
3,Cycling MG,KO,Cxcl2,738,14324539.0,5174.0,361.19836038004433
3,Cycling MG,KO,Ccl20,738,14324539.0,498.0,34.76551671226557
3,Cycling MG,KO,Slpi,738,14324539.0,489.0,34.13722424156198
3,Cycling MG,KO,S100a8,738,14324539.0,675.0,47.12193530276961
3,Cycling MG,KO,Ifitm1,738,14324539.0,95.0,6.631976079649055
3,Cycling MG,KO,Ifitm3,738,14324539.0,19063.0,1330.7932632247364
3,Cycling MG,KO,Il1rn,738,14324539.0,538.0,37.55792769317044
3,Cycling MG,KO,Lcn2,738,14324539.0,14256.0,995.2152735944941
4,Lipogenic/differentiated meibocyte,WT1,Cxcl5,122,2401787.0,0.0,0.0
4,Lipogenic/differentiated meibocyte,WT1,Cxcl1,122,2401787.0,759.0,316.014700720755
4,Lipogenic/differentiated meibocyte,WT1,Cxcl2,122,2401787.0,127.0,52.87729511401302
4,Lipogenic/differentiated meibocyte,WT1,Ccl20,122,2401787.0,4.0,1.6654266177641899
4,Lipogenic/differentiated meibocyte,WT1,Slpi,122,2401787.0,10.0,4.163566544410474
4,Lipogenic/differentiated meibocyte,WT1,S100a8,122,2401787.0,0.0,0.0
4,Lipogenic/differentiated meibocyte,WT1,Ifitm1,122,2401787.0,12.0,4.996279853292569
4,Lipogenic/differentiated meibocyte,WT1,Ifitm3,122,2401787.0,565.0,235.2415097591918
4,Lipogenic/differentiated meibocyte,WT1,Il1rn,122,2401787.0,8.0,3.3308532355283798
4,Lipogenic/differentiated meibocyte,WT1,Lcn2,122,2401787.0,404.0,168.20808839418316
4,Lipogenic/differentiated meibocyte,WT2,Cxcl5,86,2146517.0,0.0,0.0
4,Lipogenic/differentiated meibocyte,WT2,Cxcl1,86,2146517.0,233.0,108.54794068716903
4,Lipogenic/differentiated meibocyte,WT2,Cxcl2,86,2146517.0,59.0,27.486388414347523
4,Lipogenic/differentiated meibocyte,WT2,Ccl20,86,2146517.0,0.0,0.0
4,Lipogenic/differentiated meibocyte,WT2,Slpi,86,2146517.0,11.0,5.124580890810555
4,Lipogenic/differentiated meibocyte,WT2,S100a8,86,2146517.0,1.0,0.4658709900736868
4,Lipogenic/differentiated meibocyte,WT2,Ifitm1,86,2146517.0,21.0,9.783290791547422
4,Lipogenic/differentiated meibocyte,WT2,Ifitm3,86,2146517.0,486.0,226.4133011758118
4,Lipogenic/differentiated meibocyte,WT2,Il1rn,86,2146517.0,12.0,5.590451880884242
4,Lipogenic/differentiated meibocyte,WT2,Lcn2,86,2146517.0,375.0,174.70162127763257
4,Lipogenic/differentiated meibocyte,WT3,Cxcl5,392,9689939.0,2.0,0.20639964812987988
4,Lipogenic/differentiated meibocyte,WT3,Cxcl1,392,9689939.0,1974.0,203.71645270419143
4,Lipogenic/differentiated meibocyte,WT3,Cxcl2,392,9689939.0,324.0,33.43674299704054
4,Lipogenic/differentiated meibocyte,WT3,Ccl20,392,9689939.0,31.0,3.199194546013138
4,Lipogenic/differentiated meibocyte,WT3,Slpi,392,9689939.0,29.0,2.992794897883258
4,Lipogenic/differentiated meibocyte,WT3,S100a8,392,9689939.0,3.0,0.3095994721948198
4,Lipogenic/differentiated meibocyte,WT3,Ifitm1,392,9689939.0,16.0,1.651197185039039
4,Lipogenic/differentiated meibocyte,WT3,Ifitm3,392,9689939.0,1979.0,204.23245182451615
4,Lipogenic/differentiated meibocyte,WT3,Il1rn,392,9689939.0,38.0,3.9215933144677173
4,Lipogenic/differentiated meibocyte,WT3,Lcn2,392,9689939.0,695.0,71.72387772513325
4,Lipogenic/differentiated meibocyte,KO,Cxcl5,559,12905584.0,187.0,14.489851834678694
4,Lipogenic/differentiated meibocyte,KO,Cxcl1,559,12905584.0,6361.0,492.88741989513994
4,Lipogenic/differentiated meibocyte,KO,Cxcl2,559,12905584.0,1840.0,142.57394318614328
4,Lipogenic/differentiated meibocyte,KO,Ccl20,559,12905584.0,117.0,9.0658431265102
4,Lipogenic/differentiated meibocyte,KO,Slpi,559,12905584.0,56.0,4.339206966534796
4,Lipogenic/differentiated meibocyte,KO,S100a8,559,12905584.0,331.0,25.64781260576817
4,Lipogenic/differentiated meibocyte,KO,Ifitm1,559,12905584.0,400.0,30.99433547524854
4,Lipogenic/differentiated meibocyte,KO,Ifitm3,559,12905584.0,7701.0,596.7184437372226
4,Lipogenic/differentiated meibocyte,KO,Il1rn,559,12905584.0,153.0,11.855333319282568
4,Lipogenic/differentiated meibocyte,KO,Lcn2,559,12905584.0,8814.0,682.9601821971016
5,Basal duct,WT1,Cxcl5,88,619942.0,0.0,0.0
5,Basal duct,WT1,Cxcl1,88,619942.0,13.0,20.96970361743518
5,Basal duct,WT1,Cxcl2,88,619942.0,29.0,46.77856960812463
5,Basal duct,WT1,Ccl20,88,619942.0,0.0,0.0
5,Basal duct,WT1,Slpi,88,619942.0,1.0,1.6130541244180907
5,Basal duct,WT1,S100a8,88,619942.0,0.0,0.0
5,Basal duct,WT1,Ifitm1,88,619942.0,2.0,3.2261082488361814
5,Basal duct,WT1,Ifitm3,88,619942.0,69.0,111.30073458484826
5,Basal duct,WT1,Il1rn,88,619942.0,8.0,12.904432995344726
5,Basal duct,WT1,Lcn2,88,619942.0,3.0,4.839162373254273
5,Basal duct,WT2,Cxcl5,82,734438.0,0.0,0.0
5,Basal duct,WT2,Cxcl1,82,734438.0,16.0,21.78536513633554
5,Basal duct,WT2,Cxcl2,82,734438.0,35.0,47.65548623573399
5,Basal duct,WT2,Ccl20,82,734438.0,0.0,0.0
5,Basal duct,WT2,Slpi,82,734438.0,1.0,1.3615853210209712
5,Basal duct,WT2,S100a8,82,734438.0,0.0,0.0
5,Basal duct,WT2,Ifitm1,82,734438.0,0.0,0.0
5,Basal duct,WT2,Ifitm3,82,734438.0,24.0,32.67804770450331
5,Basal duct,WT2,Il1rn,82,734438.0,9.0,12.25426788918874
5,Basal duct,WT2,Lcn2,82,734438.0,2.0,2.7231706420419424
5,Basal duct,WT3,Cxcl5,307,2870309.0,0.0,0.0
5,Basal duct,WT3,Cxcl1,307,2870309.0,41.0,14.28417637264838
5,Basal duct,WT3,Cxcl2,307,2870309.0,185.0,64.45299094975488
5,Basal duct,WT3,Ccl20,307,2870309.0,37.0,12.890598189950977
5,Basal duct,WT3,Slpi,307,2870309.0,10.0,3.4839454567435073
5,Basal duct,WT3,S100a8,307,2870309.0,0.0,0.0
5,Basal duct,WT3,Ifitm1,307,2870309.0,9.0,3.135550911069157
5,Basal duct,WT3,Ifitm3,307,2870309.0,180.0,62.711018221383135
5,Basal duct,WT3,Il1rn,307,2870309.0,61.0,21.252067286135397
5,Basal duct,WT3,Lcn2,307,2870309.0,18.0,6.271101822138314
5,Basal duct,KO,Cxcl5,94,780559.0,6.0,7.686798819820154
5,Basal duct,KO,Cxcl1,94,780559.0,28.0,35.871727825827385
5,Basal duct,KO,Cxcl2,94,780559.0,47.0,60.213257421924546
5,Basal duct,KO,Ccl20,94,780559.0,11.0,14.092464503003617
5,Basal duct,KO,Slpi,94,780559.0,0.0,0.0
5,Basal duct,KO,S100a8,94,780559.0,5.0,6.405665683183462
5,Basal duct,KO,Ifitm1,94,780559.0,13.0,16.654730776277002
5,Basal duct,KO,Ifitm3,94,780559.0,101.0,129.39444680030593
5,Basal duct,KO,Il1rn,94,780559.0,11.0,14.092464503003617
5,Basal duct,KO,Lcn2,94,780559.0,20.0,25.622662732733847
